neighborhood_slug,listings,median_asking_price,median_price_per_sqm,p25_price_per_sqm,p75_price_per_sqm,median_building_size_sqm,median_rooms,median_construction_year_jalali,median_latitude,median_longitude,median_location_radius,elevator_share,parking_share,warehouse_share,rebuilt_share,balcony_share,price_vs_city_median_pct,stabilized_price_per_sqm,stabilization_weight,iqr_price_per_sqm
poonak,2767,9500000000.0,114606741.5730337,97674104.12440838,133522727.27272727,85.0,2.0,1393.0,35.76210975646973,51.33013343811035,500.0,0.796553016110903,0.9514527399779331,0.9771974990805443,0.6172839506172839,0.953198127925117,37.52808988764045,112171223.0591967,0.9325918436130772,35848623.14831889
jeyhoun,2195,3500000000.0,63000000.0,55515957.44680851,71560175.7944557,57.0,1.0,1390.0,35.68763732910156,51.36460494995117,500.0,0.5105683419445749,0.544392523364486,0.8957943925233645,0.7080163838502048,0.9057714958775029,-24.4,64488884.85448182,0.9164926931106472,16044218.347647198
sarsabil,1969,3450000000.0,64285714.28571428,56818181.81818182,73214285.71428572,56.0,1.0,1387.0,35.68894577026367,51.37411117553711,500.0,0.3834976647638817,0.5165289256198347,0.8858471074380165,0.7555135475740391,0.8695652173913043,-22.857142857142854,65842566.961555794,0.9077916090364223,16396103.896103896
chitgar-lake,1732,7400000000.0,71587318.8800523,39750000.0,85000000.0,110.0,2.0,1402.0,35.749732971191406,51.210039138793945,500.0,0.984070796460177,0.9889534883720931,0.9959302325581395,0.28347996089931576,0.9889779559118237,-14.09521734393724,72722131.57227135,0.8964803312629399,45250000.0
sazamn-barnameh,1667,7700000000.0,104375000.0,94801852.80494082,116250000.0,78.0,2.0,1392.0,35.72991752624512,51.30108451843262,500.0,0.8696439348219674,0.9710669077757685,0.9903556359252562,0.7023076923076923,0.9329608938547486,25.250000000000018,101887797.22480972,0.8928762720942689,21448147.19505918
saadat-abad,1590,21000000000.0,168576479.83237296,142106725.1461988,210000000.0,131.0,3.0,1393.0,35.78205490112305,51.37488555908203,500.0,0.9614343707713126,0.9766688269604666,0.9896305897602073,0.5231388329979879,0.9625884732052579,102.29177579884757,155815073.6877926,0.888268156424581,67893274.85380119
west-tehranpars,1514,8200000000.0,95000000.0,78645815.3580673,111740196.07843138,96.0,2.0,1392.0,35.73899841308594,51.52931213378906,500.0,0.8056835637480799,0.8584507042253521,0.9647887323943662,0.4995417048579285,0.859251968503937,14.000000000000012,93558575.19253403,0.8833138856476079,33094380.72036408
south-janat-abad,1483,9990000000.0,109259259.25925925,97565672.52617025,120801282.05128205,90.0,2.0,1394.0,35.74760437011719,51.30598068237305,500.0,0.8148921363952679,0.962707182320442,0.986878453038674,0.6441441441441441,0.968075117370892,31.11111111111111,105798257.15741426,0.88116458704694,23235609.525111794
kooy-e-ferdos,1377,7900000000.0,101818181.81818181,92708333.33333333,113138686.13138686,80.0,2.0,1391.0,35.72373008728027,51.3161506652832,500.0,0.8561847988077497,0.9540059347181009,0.9866468842729971,0.6549222797927461,0.9312567132116004,22.18181818181819,99263799.46985473,0.8731769181991123,20430352.798053533
andisheh,1325,1800000000.0,30434782.608695652,25660377.358490568,42682926.82926829,60.0,2.0,1398.0,35.74589920043945,51.281145095825195,500.0,0.7655763239875389,0.9753276792598303,0.9915188897455667,0.5449500554938956,0.9789196310935442,-63.47826086956522,34732856.78780323,0.8688524590163934,17022549.470777724
central-janat-abad,1321,9500000000.0,105882352.94117647,92727272.72727273,118461538.46153846,89.0,2.0,1395.0,35.75911331176758,51.30409622192383,500.0,0.7844217151848938,0.9477379095163807,0.9773790951638065,0.5668103448275862,0.9604072398190046,27.05882352941178,102600088.40192461,0.8685075608152532,25734265.73426573
shahr-e-ziba,1297,1900000000.0,32500000.0,26153846.153846152,59302325.58139535,61.0,2.0,1397.0,35.7481575012207,51.291460037231445,500.0,0.7424483306836248,0.9771112865035517,0.988950276243094,0.6997690531177829,0.9760765550239234,-61.0,36856776.41021599,0.8663994655978624,33148479.4275492
west-shahrak-e-golestan,1157,11750000000.0,95161290.32258065,70000000.0,128342245.98930481,127.0,2.0,1399.0,35.75241470336914,51.23619079589844,500.0,0.8275510204081633,0.9630681818181818,0.990530303030303,0.3568,0.9827856025039123,14.193548387096788,93317883.67094147,0.8526160648489315,58342245.98930481
ostad-moein,1136,4543500000.0,68965517.2413793,58302717.391304344,78854489.1640867,70.0,2.0,1397.0,35.693721771240234,51.34459686279297,500.0,0.8303821062441752,0.8052536231884058,0.894927536231884,0.5705045278137129,0.9406688241639698,-17.24137931034483,70947223.54059047,0.8502994011976048,20551771.772782356
tehransar,1091,4500000000.0,68115942.0289855,38688172.04301076,77322495.02322495,75.0,2.0,1396.0,35.69601821899414,51.2551383972168,500.0,0.7406311637080868,0.8856332703213611,0.9640831758034026,0.4539641943734015,0.9303703703703704,-18.260869565217398,70277287.86260103,0.8450813323005422,38634322.98021419
heravi,1051,16800000000.0,138695652.17391303,121132376.39553429,160092592.5925926,124.0,2.0,1397.0,35.76724433898926,51.47656440734863,500.0,0.9756335282651072,0.9786407766990292,0.9864077669902913,0.406807131280389,0.9235772357723577,66.43478260869564,127847455.47180773,0.8401278976818545,38960216.197058305
qeytariyeh,950,22650000000.0,169361147.32724902,146666666.66666666,204679670.72297782,132.5,3.0,1396.0,35.79129219055176,51.4472541809082,500.0,0.9563269876819709,0.9823982398239824,0.9801980198019802,0.39059674502712477,0.9578947368421052,103.23337679269882,149709525.37900352,0.8260869565217391,58013004.05631116
east-tehranpars,934,4200000000.0,67741935.48387097,30147058.82352941,79690016.10305959,75.0,2.0,1393.0,35.741506576538086,51.54642105102539,500.0,0.65,0.7631887456037515,0.9519343493552169,0.4434654919236417,0.7560137457044673,-18.709677419354833,70262527.04376163,0.8236331569664903,49542957.27953018
pasdaran,927,22500000000.0,163809523.80952382,134078782.17200251,214119601.32890368,140.0,3.0,1397.0,35.76714897155762,51.463218688964844,500.0,0.9710843373493976,0.981651376146789,0.9885321100917431,0.4119922630560928,0.956140350877193,96.5714285714286,145294892.10765973,0.8225377107364685,80040819.15690117
yousef-abad,925,16500000000.0,145833333.33333334,125510204.08163266,173563218.3908046,115.0,2.0,1396.0,35.734426498413086,51.405574798583984,500.0,0.8851894374282434,0.9391891891891891,0.9572072072072072,0.39332096474953615,0.9468267581475128,75.00000000000003,132023134.14980994,0.8222222222222222,48053014.30917193
beryanak,901,2950000000.0,55555555.55555555,50000000.0,61538461.538461536,55.0,1.0,1391.0,35.67388916015625,51.37664222717285,500.0,0.5571913929784824,0.5460674157303371,0.9224719101123595,0.6875834445927904,0.874095513748191,-33.333333333333336,59801903.50742505,0.818346957311535,11538461.538461536
chitgar,894,4000000000.0,41176470.5882353,22000000.0,66452510.40693229,101.0,2.0,1403.0,35.72515106201172,51.18548202514648,500.0,0.9556592765460911,0.9795454545454545,0.975,0.1945031712473573,0.9899598393574297,-50.588235294117645,46840511.57828224,0.8171846435100548,44452510.40693229
niavaran,878,33500000000.0,196739803.59196675,164501212.85627654,250000000.0,170.0,3.0,1396.0,35.81520462036133,51.4692611694336,500.0,0.978021978021978,0.9904761904761905,0.9880952380952381,0.36174636174636177,0.972972972972973,136.0877643103601,167755348.12112314,0.8144712430426716,85498787.14372346
dr-hoshyar,826,5100000000.0,76086956.52173913,65909090.90909091,84210526.31578948,73.0,2.0,1396.0,35.693904876708984,51.35068321228027,500.0,0.8192457737321196,0.7675879396984925,0.8881909547738693,0.6006600660066007,0.93033381712627,-8.695652173913048,77448263.14313309,0.8050682261208577,18301435.40669857
bagh-feyz,824,7700000000.0,100000000.0,89775916.04823747,111691176.47058824,80.0,2.0,1391.0,35.744869232177734,51.32010269165039,500.0,0.7620253164556962,0.9267990074441688,0.966501240694789,0.6054313099041534,0.9316546762589928,20.000000000000018,96501688.62792112,0.8046875,21915260.422350764
azarbaijan,799,4150000000.0,71428571.42857143,61970149.25373134,80000000.0,60.0,1.0,1388.0,35.698368072509766,51.36988830566406,500.0,0.4163424124513619,0.5788804071246819,0.9071246819338422,0.7714285714285715,0.8899082568807339,-14.28571428571428,73667295.30234963,0.7997997997997998,18029850.74626866
marzdaran,798,13780000000.0,138668890.93419236,117647058.8235294,162121621.6216216,105.0,2.0,1395.0,35.73454475402832,51.33983612060547,500.0,0.9442176870748299,0.9631093544137023,0.9736495388669302,0.45489443378119004,0.9390962671905697,66.40266912103084,125215572.37973724,0.7995991983967936,44474562.7980922
zafaraniyeh,795,45000000000.0,234375000.0,192857142.85714287,284807692.3076923,190.0,3.0,1394.0,35.807945251464844,51.41414260864258,500.0,0.9932975871313673,0.9872448979591837,0.9910714285714286,0.42028985507246375,0.9887850467289719,181.25,190388814.47007558,0.7989949748743719,91950549.45054942
north-shahran,781,8700000000.0,97500000.0,85000000.0,108823529.41176471,95.0,2.0,1391.0,35.7661018371582,51.288944244384766,500.0,0.8844086021505376,0.9269588313413014,0.9721115537848606,0.6654929577464789,0.96843853820598,17.000000000000014,94428549.51927362,0.7961264016309888,23823529.41176471
south-shahran,754,7945000000.0,100000000.0,89781096.56301145,113896321.07023412,80.0,2.0,1393.0,35.759620666503906,51.29092788696289,500.0,0.8475033738191633,0.9623655913978495,0.9825268817204301,0.6208112874779541,0.9506172839506173,20.000000000000018,96249871.43184596,0.790356394129979,24115224.507222667
narmak,728,7100000000.0,95571895.4248366,80598072.56235828,115000000.0,82.0,2.0,1393.0,35.736019134521484,51.49953079223633,500.0,0.6864274570982839,0.7915451895043731,0.9606413994169096,0.5032537960954447,0.8329853862212944,14.686274509803932,92790701.22040312,0.7844827586206896,34401927.437641725
darrous,706,32000000000.0,194270729.76734936,158333333.33333334,245332519.82916415,166.5,3.0,1396.0,35.77359199523926,51.45492362976074,500.0,0.9807407407407407,0.988388969521045,0.9927431059506531,0.4375,0.9663157894736842,133.12487572081926,161161752.51622295,0.7792494481236203,86999186.4958308
north-janat-abad,697,8500000000.0,103406593.40659341,87857142.85714285,115000000.0,86.0,2.0,1395.0,35.770896911621094,51.30755615234375,500.0,0.7406855439642325,0.9367647058823529,0.9852941176470589,0.5150905432595574,0.9533333333333334,24.087912087912102,98548449.77415153,0.7770345596432553,27142857.14285715
afsariyeh,693,4250000000.0,60937500.0,46875000.0,69259259.25925925,72.0,2.0,1397.0,35.649417877197266,51.49230194091797,500.0,0.658703071672355,0.7240829346092504,0.7288676236044657,0.3161290322580645,0.7676537585421412,-26.874999999999993,65362552.70444297,0.7760358342665173,22384259.259259254
gisha,679,14800000000.0,155714285.7142857,137500000.0,175890625.0,96.0,2.0,1395.0,35.7353458404541,51.37760925292969,500.0,0.9289026275115919,0.9620637329286799,0.9848254931714719,0.4753694581280788,0.971830985915493,86.85714285714286,135067700.4344526,0.7724687144482366,38390625.0
pirouzi,673,4120000000.0,67164179.10447761,54629629.62962963,81147540.98360656,71.0,2.0,1393.0,35.692726135253906,51.48339080810547,500.0,0.6122448979591837,0.6486486486486487,0.7583465818759937,0.5044843049327354,0.6635730858468677,-19.402985074626855,70566662.32309408,0.7709049255441008,26517911.353976935
shams-abad,649,9000000000.0,105882352.94117647,94339622.64150943,120689655.1724138,88.0,2.0,1393.0,35.74838066101074,51.47891616821289,500.0,0.8933333333333333,0.8788870703764321,0.9689034369885434,0.5047619047619047,0.8511749347258486,27.05882352941178,100074409.20388496,0.7644287396937574,26350032.530904368
mirdamad,643,19500000000.0,147222222.2222222,128062564.1025641,186794871.7948718,138.0,3.0,1388.0,35.758596420288086,51.44007682800293,500.0,0.9401993355481728,0.9821138211382113,0.9869918699186991,0.4918918918918919,0.9447513812154696,76.66666666666666,128628276.20193668,0.7627520759193357,58732307.69230771
elahiyeh,642,42900000000.0,225543478.26086956,188571428.57142857,277104784.9788008,200.0,3.0,1393.0,35.79115676879883,51.426809310913086,500.0,0.9697478991596639,0.9951612903225806,0.9951612903225806,0.37771739130434784,0.9786666666666667,170.6521739130435,178040866.36631513,0.7624703087885986,88533356.4073722
farmaniyeh,638,36500000000.0,206057142.85714287,172222222.2222222,262585812.3569794,180.0,3.0,1396.0,35.79709053039551,51.46924209594727,500.0,0.9730185497470489,0.9869067103109657,0.9950900163666121,0.37142857142857144,0.9708994708994709,147.26857142857145,166017018.20262694,0.7613365155131265,90363590.13475719
ekhtiyariyeh,619,17700000000.0,148275862.06896552,129238505.74712643,170000000.0,122.0,2.0,1391.0,35.78642272949219,51.459720611572266,500.0,0.9057239057239057,0.9635157545605307,0.9751243781094527,0.5298329355608592,0.9095127610208816,77.93103448275865,128812773.28776376,0.7557997557997558,40761494.25287357
north-sohrevardi,619,11100000000.0,115217391.30434783,95454545.45454545,136979066.17788923,100.0,2.0,1392.0,35.72170639038086,51.43534851074219,500.0,0.772020725388601,0.8663282571912013,0.9153976311336718,0.5542857142857143,0.8992628992628993,38.26086956521739,106453326.84459768,0.7557997557997558,41524520.723343775
jey,584,3150000000.0,56577748.86141835,52157786.885245904,60165453.91545392,58.0,1.0,1395.0,35.67786407470703,51.35260581970215,500.0,0.7246891651865008,0.6306620209059234,0.8867595818815331,0.6954643628509719,0.9269311064718163,-32.106701366297976,62452087.87767857,0.7448979591836735,8007667.030208014
hashemi,580,3525000000.0,63824404.76190476,56250000.0,70522058.8235294,59.0,1.0,1393.0,35.68504333496094,51.360145568847656,500.0,0.5992779783393501,0.5204991087344029,0.8181818181818182,0.6252771618625277,0.8877118644067796,-23.410714285714285,68341936.57939944,0.7435897435897436,14272058.823529407
sattarkhan,563,8900000000.0,100757575.75757575,85365853.65853658,117875939.84962407,95.0,2.0,1393.0,35.72103309631348,51.35769271850586,500.0,0.7300970873786408,0.8442776735459663,0.9437148217636022,0.5737704918032787,0.9293193717277487,20.9090909090909,95865712.53491066,0.7378768020969856,32510086.191087484
sabalan,532,3500000000.0,67964957.52427185,62000000.0,74549441.7862839,54.0,1.0,1394.0,35.723472595214844,51.463626861572266,500.0,0.5517928286852589,0.5828460038986355,0.8771929824561403,0.5203488372093024,0.6933333333333334,-18.44205097087378,71857910.81814182,0.726775956284153,12549441.786283895
velenjak,531,37000000000.0,233081632.6530612,190454545.45454544,280000000.0,165.0,3.0,1396.0,35.806060791015625,51.40216255187988,500.0,0.9782178217821782,0.9980769230769231,0.9980769230769231,0.44879518072289154,0.9854227405247813,179.69795918367345,175911745.27588782,0.7264021887824897,89545454.54545456
haftchenar,530,3000000000.0,56250000.0,50000000.0,62500000.0,56.0,1.0,1389.0,35.6755256652832,51.36962890625,500.0,0.49206349206349204,0.58984375,0.904296875,0.7025171624713958,0.8646080760095012,-32.49999999999999,62645317.75121562,0.726027397260274,12500000.0
tehran-zanjan,522,4200000000.0,71698113.20754717,65304487.179487176,80208333.33333333,60.0,2.0,1394.0,35.69335174560547,51.36023712158203,500.0,0.631163708086785,0.6472868217054264,0.8953488372093024,0.6690140845070423,0.926605504587156,-13.962264150943382,74747973.71937917,0.7229916897506925,14903846.153846152
soleymani,514,2785000000.0,54366895.49961861,48888888.88888889,60000000.0,53.0,1.0,1387.0,35.672607421875,51.36366653442383,500.0,0.42052313883299797,0.4990059642147117,0.856858846918489,0.7373271889400922,0.8254716981132075,-34.75972540045766,61276069.25515549,0.7198879551820728,11111111.111111112
fallah,507,2900000000.0,49210526.315789476,45030864.197530866,52941176.47058824,63.0,1.0,1394.0,35.65802574157715,51.36517333984375,500.0,0.7190775681341719,0.5523613963039015,0.6529774127310062,0.4300254452926209,0.8264705882352941,-40.94736842105262,57117750.05783495,0.7171145685997171,7910312.273057371
shahrak-e-gharb,480,26600000000.0,186881720.43010753,150000000.0,238100600.6006006,150.0,3.0,1386.0,35.76015853881836,51.371429443359375,500.0,0.9694444444444444,0.9767441860465116,0.9936575052854123,0.542319749216301,0.9679144385026738,124.25806451612904,147368826.96665686,0.7058823529411765,88100600.6006006
shahrak-e-vali-e-asr,476,3000000000.0,50422413.79310345,43137254.90196078,60892857.14285714,65.0,1.0,1389.0,35.647539138793945,51.34025764465332,500.0,0.5134474327628362,0.5829493087557603,0.6497695852534562,0.4596774193548387,0.7987220447284346,-39.49310344827586,58503035.681692466,0.7041420118343196,17755602.24089636
aboozar,474,11000000000.0,116447026.18345761,106051716.644937,131860824.74226804,96.0,2.0,1392.0,35.73118209838867,51.32947540283203,500.0,0.9269911504424779,0.962800875273523,0.9846827133479212,0.6116207951070336,0.9427609427609428,39.73643142014915,105441071.8616558,0.7032640949554896,25809108.097331047
azad-shahr,458,7500000000.0,67543859.6491228,51976377.952755906,76895947.47019014,114.0,2.0,1402.0,35.753475189208984,51.17460060119629,500.0,0.9328859060402684,0.9757709251101322,0.9669603524229075,0.21035598705501618,0.972027972027972,-18.947368421052634,71997303.72195268,0.6960486322188449,24919569.517434232
jordan,450,20000000000.0,138944444.44444445,122485465.11627907,165453296.70329672,145.0,3.0,1385.0,35.76803779602051,51.41743850708008,500.0,0.9356435643564357,0.9904988123515439,0.9738717339667459,0.4827586206896552,0.9390862944162437,66.73333333333335,118720739.18189485,0.6923076923076923,42967831.587017655
amiriyeh,448,2900000000.0,51045751.63398693,4000000.0,67272727.27272727,80.0,2.0,1390.0,35.6776237487793,51.40111541748047,500.0,0.5146579804560261,0.5736196319018405,0.8098159509202454,0.6111111111111112,0.8433734939759037,-38.745098039215684,59382280.46625771,0.691358024691358,63272727.272727266
zafar,442,16500000000.0,140967365.96736598,122814685.31468531,168617724.86772487,120.0,2.0,1390.0,35.76667404174805,51.43242645263672,500.0,0.8789346246973365,0.9400479616306955,0.9616306954436451,0.4635036496350365,0.8935361216730038,69.16083916083919,119673265.63943993,0.6884735202492211,45803039.55303955
gomrok,438,2700000000.0,49212549.603174604,44046511.62790698,55240471.86932849,57.0,1.0,1390.0,35.665056228637695,51.38981628417969,500.0,0.5314861460957179,0.5107913669064749,0.7745803357314148,0.44508670520231214,0.7030716723549488,-40.944940476190474,58047310.196927756,0.6865203761755486,11193960.241421513
masoudieh,432,3200000000.0,49878048.780487806,44271978.02197802,55190081.351689614,68.5,2.0,1393.0,35.633296966552734,51.4968147277832,500.0,0.5497512437810945,0.6553398058252428,0.7354368932038835,0.43729903536977494,0.7302158273381295,-40.14634146341463,58674631.780877784,0.6835443037974683,10918103.329711594
abouzar,431,5650000000.0,72641509.43396227,64089552.238805965,85000000.0,81.0,2.0,1390.0,35.652414321899414,51.47984313964844,500.0,0.7272727272727273,0.7434052757793765,0.8129496402877698,0.4491017964071856,0.8041237113402062,-12.83018867924527,75872824.65498461,0.6830427892234548,20910447.761194035
sazman-ab,418,8850000000.0,96091163.73822257,85891536.8884694,108163390.66339067,94.5,2.0,1391.0,35.73834800720215,51.28927040100098,500.0,0.8252427184466019,0.963855421686747,0.983132530120482,0.6813880126182965,0.9765100671140939,15.309396485867088,91761924.81622717,0.6763754045307443,22271853.77492127
sadeghiyeh,418,9000000000.0,99179445.78911924,77081395.34883721,117483793.51740697,100.0,2.0,1395.0,35.72065734863281,51.34082221984863,500.0,0.7575757575757576,0.9246753246753247,0.9090909090909091,0.5566666666666666,0.9326923076923077,19.015334946943096,93746424.2920244,0.6763754045307443,40402398.16856976
tehran-kerman,411,5000000000.0,81052631.57894737,70312500.0,91890410.95890412,63.0,1.0,1392.0,35.73118591308594,51.4730339050293,500.0,0.639386189258312,0.6439393939393939,0.8939393939393939,0.4831081081081081,0.7874015748031497,-2.7368421052631597,81792222.32360882,0.6726677577741408,21577910.958904117
shahid-navab-safavi,398,2745000000.0,50000000.0,43596563.01145663,57535377.358490564,54.0,1.0,1386.0,35.67668151855469,51.380897521972656,500.0,0.53125,0.46786632390745503,0.8663239074550129,0.6764705882352942,0.8081180811808119,-39.99999999999999,59315324.48583831,0.6655518394648829,13938814.347033933
kuhak,385,10950000000.0,91600000.0,79120879.12087911,108253968.25396825,117.0,2.0,1400.0,35.72768020629883,51.24349021911621,500.0,0.9653333333333334,0.9973474801061007,0.9946949602122016,0.2975609756097561,0.9803149606299213,9.919999999999995,88685404.39330257,0.6581196581196581,29133089.13308914
seyed-khandan,382,12850000000.0,125000000.0,106357742.78215224,150000000.0,104.5,2.0,1392.5,35.74592590332031,51.45535659790039,500.0,0.7800586510263929,0.9293785310734464,0.9717514124293786,0.4956521739130435,0.9402390438247012,50.0,108742059.2166512,0.6563573883161512,43642257.217847764
niroo-havayi,380,8500000000.0,95000000.0,80000000.0,114970472.44094488,93.0,2.0,1394.0,35.70080757141113,51.484256744384766,500.0,0.8219584569732937,0.8174157303370787,0.898876404494382,0.4150197628458498,0.9068825910931174,14.000000000000012,90803218.603131,0.6551724137931034,34970472.44094488
niloufar,378,16800000000.0,140140845.07042253,117206414.4736842,167533003.30033004,120.0,2.0,1394.0,35.73707962036133,51.437591552734375,500.0,0.905982905982906,0.9416666666666667,0.9444444444444444,0.4291044776119403,0.9501915708812261,68.16901408450704,117071703.24777347,0.6539792387543253,50326588.826645836
vahidiyeh,363,3500000000.0,65581395.34883721,58152096.65955935,71791443.85026738,56.0,1.0,1392.0,35.71516418457031,51.470388412475586,500.0,0.42565597667638483,0.5722543352601156,0.8786127167630058,0.553030303030303,0.6826086956521739,-21.302325581395344,71406726.74318086,0.6447602131438721,13639347.190708034
nazi-abad,363,4200000000.0,61764705.88235294,50000000.0,77048494.98327759,77.0,2.0,1392.0,35.63857650756836,51.405548095703125,500.0,0.625,0.5958702064896755,0.6607669616519174,0.40942028985507245,0.833976833976834,-25.882352941176467,68698838.16773738,0.6447602131438721,27048494.98327759
south-deylaman,360,5000000000.0,65849906.19136961,53952752.97619048,75625440.45102185,84.0,2.0,1399.0,35.603084564208984,51.432050704956055,500.0,0.8411764705882353,0.7803468208092486,0.6589595375722543,0.21818181818181817,0.8562874251497006,-20.980112570356468,71627183.20395248,0.6428571428571429,21672687.474831372
haft-hoz,356,7750000000.0,106966490.29982364,89905660.3773585,127991452.99145299,81.0,2.0,1392.0,35.72905349731445,51.48964309692383,500.0,0.6985074626865672,0.75,0.9534883720930233,0.5547169811320755,0.8674242424242424,28.359788359788386,97778756.90975893,0.6402877697841727,38085792.614094496
ahang,350,4200000000.0,64142857.14285714,51804401.99335548,80738213.39950372,80.0,2.0,1391.0,35.66365432739258,51.47688102722169,500.0,0.6282894736842105,0.7009345794392523,0.7725856697819314,0.45353159851301117,0.7359307359307359,-23.02857142857142,70547724.64717723,0.6363636363636364,28933811.40614824
hakimiyeh,340,7500000000.0,86459876.54320988,66590909.09090909,95164992.82639885,100.0,2.0,1398.0,35.738651275634766,51.591064453125,500.0,0.8947368421052632,0.9201277955271565,0.9648562300319489,0.2692307692307692,0.9321266968325792,3.751851851851873,85288449.56081972,0.6296296296296297,28574083.735489756
tarasht,334,7275000000.0,94117647.05882353,81632569.55810148,102548076.92307693,85.0,2.0,1394.5,35.70676803588867,51.342960357666016,500.0,0.8757763975155279,0.9176829268292683,0.9207317073170732,0.6042553191489362,0.9282868525896414,12.941176470588234,89924118.57690576,0.6254681647940075,20915507.364975452
nezam-abad,331,4150000000.0,67777777.77777778,60982142.85714286,72638146.16755792,67.0,2.0,1395.0,35.709041595458984,51.458778381347656,500.0,0.7087378640776699,0.697452229299363,0.7961783439490446,0.4,0.7892376681614349,-18.666666666666664,73262962.1106477,0.623352165725047,11656003.310415067
shahrak-e-parvaz,330,6950000000.0,100000000.0,89336065.5737705,112500000.0,73.0,2.0,1388.0,35.72643852233887,51.30612564086914,500.0,0.5945121951219512,0.9329268292682927,0.9847560975609756,0.724907063197026,0.9251968503937008,20.000000000000018,93351281.56716053,0.6226415094339622,23163934.426229507
amir-abad,325,15900000000.0,140000000.0,120089285.71428572,160000000.0,118.0,2.0,1397.0,35.735538482666016,51.39494323730469,500.0,0.8903654485049833,0.9451612903225807,0.9838709677419355,0.40718562874251496,0.9322916666666666,68.00000000000001,114893624.02314353,0.6190476190476191,39910714.28571428
khalij-e-fars,322,3300000000.0,49092244.41833137,44272347.38372093,54214052.47156852,70.0,2.0,1393.0,35.67265701293945,51.26671028137207,500.0,0.7722419928825622,0.7653061224489796,0.7244897959183674,0.47580645161290325,0.8486238532110092,-41.089306698002346,60125833.84702203,0.6168582375478927,9941705.08784759
javadiyeh,309,2850000000.0,48000000.0,42708333.333333336,53500000.0,62.0,1.0,1393.0,35.65316390991211,51.38998794555664,500.0,0.6051660516605166,0.4724137931034483,0.6620689655172414,0.4534412955465587,0.7655502392344498,-42.39999999999999,59618052.63529908,0.6070726915520629,10791666.666666664
moshiriyeh,309,2950000000.0,49000000.0,39041095.89041096,60000000.0,70.0,2.0,1388.0,35.620548248291016,51.48402404785156,500.0,0.4008097165991903,0.6354166666666666,0.8263888888888888,0.4043478260869565,0.6930232558139535,-41.19999999999999,60369006.20596545,0.6070726915520629,20958904.10958904
moniriyeh,308,5200000000.0,75440767.08939067,63461538.461538464,89227941.1764706,73.0,2.0,1390.0,35.68195724487305,51.40165138244629,500.0,0.6391752577319587,0.7275747508305648,0.8970099667774086,0.5495495495495496,0.9237668161434978,-9.471079492731194,78454697.69132483,0.6062992125984252,25766402.71493213
khaje-nezam-molk,306,3750000000.0,67809343.43434343,59675866.49550706,75817204.30107526,60.0,1.0,1385.0,35.71345901489258,51.4482536315918,500.0,0.41114982578397213,0.4290657439446367,0.8062283737024222,0.5772727272727273,0.7136150234741784,-18.62878787878788,73565904.77940476,0.6047430830039525,16141337.805568203
shaharak-e-shariyati,303,4080000000.0,60000000.0,52798611.11111111,65292869.26994906,71.0,2.0,1393.0,35.634559631347656,51.37612533569336,500.0,0.6412213740458015,0.6093189964157706,0.6344086021505376,0.39408866995073893,0.8804347826086957,-27.999999999999993,68371938.28754634,0.6023856858846919,12494258.158837952
dolat-abad,300,3900000000.0,55223880.59701493,46185064.935064934,63173018.753781006,75.0,2.0,1393.0,35.619441986083984,51.449832916259766,500.0,0.7195571955719557,0.6445993031358885,0.5749128919860628,0.4409090909090909,0.8115183246073299,-33.731343283582085,65103397.6581782,0.6,16987953.81871607
shadman,286,8825000000.0,100977403.1563845,87281976.74418604,112457191.78082192,92.5,2.0,1393.0,35.70827674865723,51.36533164978027,500.0,0.7191011235955056,0.8442028985507246,0.927536231884058,0.5412844036697247,0.9318181818181818,21.1728837876614,93304151.93815261,0.588477366255144,25175215.036635876
mobarak-abad-e-beheshti,281,2232000000.0,30714285.714285713,28571428.57142857,32514705.88235294,74.0,2.0,1401.0,35.578697204589844,51.42108917236328,500.0,0.9450980392156862,0.7689393939393939,0.9545454545454546,0.03496503496503497,0.8387096774193549,-63.142857142857146,46513700.42494047,0.5841995841995842,3943277.31092437
eram,281,7300000000.0,103174603.17460318,90000000.0,115151515.15151516,72.0,2.0,1393.5,35.728986740112305,51.29094886779785,500.0,0.8618181818181818,0.960431654676259,0.9892086330935251,0.5633187772925764,0.845771144278607,23.809523809523814,94407312.18930334,0.5841995841995842,25151515.151515156
zahir-abad,280,3200000000.0,46026315.78947368,34157894.73684211,63358070.50092764,74.5,2.0,1390.0,35.591278076171875,51.450828552246094,500.0,0.6978723404255319,0.5833333333333334,0.6628787878787878,0.3652173913043478,0.8,-44.76842105263158,58942439.308415465,0.5833333333333334,29200175.76408553
vardavard,276,4150000000.0,53038461.538461536,38044776.11940298,60086206.89655173,83.0,2.0,1400.0,35.738616943359375,51.13130569458008,500.0,0.8871595330739299,0.9185185185185185,0.9111111111111111,0.3112244897959184,0.8855721393034826,-36.35384615384615,64126802.95551545,0.5798319327731093,22041430.777148746
charsad-dastgah,274,3675000000.0,63339970.13439523,55888297.872340426,73453104.64611377,63.5,1.0,1390.0,35.68566131591797,51.46393966674805,500.0,0.4838709677419355,0.5731225296442688,0.7786561264822134,0.5668202764976958,0.635,-23.992035838725723,71112881.4059026,0.5780590717299579,17564806.773773342
abshar-tehran,271,5500000000.0,60256410.256410256,30419540.229885057,77607816.71159029,102.0,2.0,1400.0,35.759328842163086,51.22451210021973,500.0,0.8243243243243243,0.9066147859922179,0.9416342412451362,0.2974683544303797,0.9281045751633987,-27.692307692307693,69150849.90452564,0.5753715498938429,47188276.48170523
parastar,270,6522500000.0,84000000.0,68562500.0,104313501.14416476,85.0,2.0,1394.0,35.687538146972656,51.48453903198242,500.0,0.6639676113360324,0.7276264591439688,0.8793774319066148,0.5,0.8,0.8000000000000007,83715662.6441673,0.574468085106383,35751001.144164756
dehkade-olympic,270,11900000000.0,96463937.62183237,68690476.19047618,125000000.0,125.0,2.0,1401.0,35.76129913330078,51.25746154785156,500.0,0.7062146892655368,0.9116279069767442,0.9767441860465116,0.4094488188976378,0.9745222929936306,15.756725146198857,90640863.87225503,0.574468085106383,56309523.80952382
majidiyeh,269,5270000000.0,83076923.07692307,72500000.0,98148148.14814815,65.0,2.0,1390.5,35.736013412475586,51.46651077270508,500.0,0.5604838709677419,0.60546875,0.90234375,0.4975369458128079,0.8390804597701149,-0.3076923076923088,83186169.84368704,0.5735607675906184,25648148.14814815
vanak,269,19500000000.0,145000000.0,118518518.51851852,179487179.4871795,149.0,3.0,1385.0,35.758527755737305,51.39923858642578,500.0,0.9110169491525424,0.9629629629629629,0.9506172839506173,0.44966442953020136,0.9323308270676691,74.00000000000003,114495486.14391303,0.5735607675906184,60968660.968660966
amaniyeh,266,22000000000.0,145129734.25402802,128871706.75830469,183013598.83438563,155.0,3.0,1387.0,35.779441833496094,51.419395446777344,500.0,0.9087136929460581,0.9678714859437751,0.9718875502008032,0.45714285714285713,0.9370629370629371,74.15568110483363,114379892.74644576,0.5708154506437768,54141892.07608095
aghdasieh,261,39000000000.0,212500000.0,154320987.65432099,266666666.66666666,200.0,3.0,1395.0,35.805532455444336,51.47702217102051,500.0,0.9789915966386554,0.9919354838709677,0.9919354838709677,0.2857142857142857,0.9857142857142858,155.00000000000003,141574733.9467407,0.5661605206073753,112345679.01234567
shahin,260,9500000000.0,111506935.68726355,100000000.0,121357402.51156643,88.0,2.0,1394.0,35.76120376586914,51.313438415527344,500.0,0.8063241106719368,0.94921875,0.953125,0.6571428571428571,0.9538461538461539,33.808322824716264,98244719.53081182,0.5652173913043478,21357402.51156643
almahdi,254,6900000000.0,99206349.20634921,86691176.47058824,110731538.99240854,72.0,2.0,1387.0,35.774356842041016,51.3282527923584,500.0,0.49800796812749004,0.9130434782608695,0.8972332015810277,0.6995305164319249,0.9655172413793104,19.04761904761907,91871821.11299811,0.5594713656387665,24040362.521820307
shahrak-e-kianshahr,254,3193000000.0,51677192.98245614,40129310.344827585,57973684.21052632,64.0,1.0,1391.0,35.63767623901367,51.44850158691406,500.0,0.5555555555555556,0.5020242914979757,0.4493927125506073,0.42028985507246375,0.625,-37.98736842105262,63784821.79744846,0.5594713656387665,17844373.865698732
daryan-no,253,10500000000.0,107843137.25490196,93220338.98305085,121111111.1111111,100.0,2.0,1394.0,35.714054107666016,51.36056900024414,500.0,0.8008474576271186,0.9369747899159664,0.9453781512605042,0.5930232558139535,0.9547738693467337,29.41176470588236,96240079.9267128,0.5584988962472406,27890772.12806025
shahrak-naft-district5,252,9125000000.0,112250000.0,100000000.0,125519480.51948053,84.5,2.0,1391.0,35.78352355957031,51.3365592956543,500.0,0.8625,0.9590163934426229,0.9795081967213115,0.6051282051282051,0.9398907103825137,34.699999999999996,98388434.56811753,0.5575221238938053,25519480.519480526
yaftabad,249,2500000000.0,38823529.4117647,28888888.888888888,45000000.0,70.0,1.0,1391.0,35.643272399902344,51.30583381652832,500.0,0.5126903553299492,0.48847926267281105,0.6820276497695853,0.3764705882352941,0.7763157894736842,-53.41176470588236,54557711.567267574,0.5545657015590201,16111111.111111112
shahrak-e-jandarmeri,247,16200000000.0,147887323.94366196,125000000.0,183064516.12903225,115.0,2.0,1396.0,35.734561920166016,51.35727310180664,500.0,0.9254385964912281,0.9787234042553191,0.9787234042553191,0.35714285714285715,0.9767441860465116,77.46478873239435,114411941.3084431,0.5525727069351231,58064516.129032254
ozgol,243,14500000000.0,140186915.88785046,120851449.27536231,166103603.6036036,107.0,2.0,1395.5,35.79227256774902,51.49772834777832,500.0,0.9641255605381166,0.9872881355932204,0.9915254237288136,0.44966442953020136,0.9363057324840764,68.22429906542055,110847554.08281834,0.5485327313769752,45252154.32824129
tehran-no,241,6500000000.0,84745762.71186441,68224299.06542057,100000000.0,81.0,2.0,1391.0,35.709510803222656,51.49639129638672,500.0,0.6571428571428571,0.7174887892376681,0.8654708520179372,0.536144578313253,0.7816091954022989,1.6949152542373058,84102262.7116021,0.546485260770975,31775700.934579432
khani-abad-no,240,4300000000.0,61465433.300876334,48474747.47474748,70000000.0,74.0,2.0,1392.0,35.62945938110352,51.38964080810547,500.0,0.5523809523809524,0.625,0.625,0.489247311827957,0.8888888888888888,-26.241480038948396,70585633.05511148,0.5454545454545454,21525252.52525252
aramaneh,237,3710000000.0,68043478.26086956,59677419.35483871,76388888.8888889,61.0,1.0,1390.0,35.72045135498047,51.45733833312988,500.0,0.5898617511520737,0.5133928571428571,0.8303571428571429,0.43352601156069365,0.7852760736196319,-18.34782608695652,74657916.23857148,0.5423340961098398,16711469.534050189
ekbatan,234,11111111111.0,98148148.14814815,76153575.2025361,117130691.12348509,135.0,2.0,1371.0,35.708160400390625,51.306427001953125,500.0,0.9611650485436893,0.7297297297297297,0.6936936936936937,0.5159235668789809,0.47115384615384615,17.777777777777782,91019410.7358667,0.5391705069124424,40977115.92094898
oghaf,231,5400000000.0,78125000.0,69614069.36980948,85000000.0,75.0,2.0,1393.0,35.74889373779297,51.51414108276367,500.0,0.7630331753554502,0.7889908256880734,0.9587155963302753,0.2948717948717949,0.7619047619047619,-6.249999999999989,80500096.06082462,0.5359628770301624,15385930.630190521
sharifabad,226,1575000000.0,12500000.0,3250000.0,20520097.301054094,150.0,2.0,1399.0,35.42277145385742,51.78679656982422,500.0,0.6557377049180327,0.6782608695652174,0.7391304347826086,0.19230769230769232,0.7142857142857143,-85.0,30459419.937835082,0.5305164319248826,17270097.301054094
sarsabz,225,7500000000.0,103448275.86206897,85000000.0,120089285.71428572,82.0,2.0,1390.0,35.72645378112793,51.49771308898926,500.0,0.5925925925925926,0.7201834862385321,0.9587155963302753,0.5426829268292683,0.84472049689441,24.13793103448276,93440015.65487576,0.5294117647058824,35089285.71428572
khazaneh,225,3500000000.0,50568181.81818182,45000000.0,55555555.55555555,73.0,2.0,1393.0,35.6393928527832,51.42206382751465,500.0,0.7247191011235955,0.5238095238095238,0.6190476190476191,0.40229885057471265,0.7763157894736842,-39.318181818181806,63968684.040897325,0.5294117647058824,10555555.555555552
south-narmak,224,5300000000.0,86180555.55555555,75746753.24675325,98322876.44787645,65.0,2.0,1392.0,35.71841812133789,51.489013671875,500.0,0.6188118811881188,0.6411483253588517,0.8995215311004785,0.5028571428571429,0.7639751552795031,3.416666666666668,84825604.12542039,0.5283018867924528,22576123.201123208
estakhr,222,5866000000.0,78331415.42002302,53970588.23529412,87828269.12642431,90.0,2.0,1396.0,35.755136489868164,51.56196975708008,500.0,0.9186046511627907,0.9150943396226415,0.9481132075471698,0.3448275862068966,0.8875,-6.002301495972362,80663419.3749084,0.5260663507109005,33857680.891130194
bahar,221,8200000000.0,98484848.48484848,84615384.61538461,111764705.88235295,86.0,2.0,1391.0,35.71185302734375,51.43248748779297,500.0,0.7611940298507462,0.8413461538461539,0.9086538461538461,0.5,0.8287671232876712,18.181818181818187,90971120.91486971,0.5249406175771971,27149321.26696834
ajoodanieh,220,25000000000.0,169375000.0,104702380.95238096,210094850.94850948,155.0,3.0,1395.0,35.80843162536621,51.48390769958496,500.0,0.9408284023668639,0.9903381642512077,0.9855072463768116,0.464,0.9395973154362416,103.25000000000001,120828140.49867257,0.5238095238095238,105392469.99612853
sharif,218,7925000000.0,65180124.22360249,38208737.86407767,82142857.14285713,118.0,2.0,1403.0,35.75377655029297,51.14631652832031,500.0,0.9900990099009901,0.9952153110047847,0.9952153110047847,0.14189189189189189,1.0,-21.78385093167701,73311064.15490933,0.5215311004784688,43934119.27877946
sharara,218,12900000000.0,117866082.60325406,95833333.33333333,140000000.0,105.0,2.0,1395.0,35.72113800048828,51.37224197387695,500.0,0.7609756097560976,0.861904761904762,0.9238095238095239,0.5167785234899329,0.9664429530201343,41.439299123904895,99849464.85743035,0.5215311004784688,44166666.66666667
abbas-abad,214,11170000000.0,113619240.79976818,92445054.94505495,133203125.0,106.0,2.0,1392.0,35.72870635986328,51.43783378601074,500.0,0.8010752688172043,0.8324873096446701,0.8730964467005076,0.4859154929577465,0.9172413793103448,36.343088959721825,97816411.0103044,0.5169082125603864,40758070.05494505
north-karegar,214,11600000000.0,117422965.8160809,98035714.28571428,135000000.0,106.5,2.0,1392.0,35.71920394897461,51.394338607788086,500.0,0.75,0.7969543147208121,0.9035532994923858,0.49295774647887325,0.9020979020979021,40.90755897929708,99495654.29400258,0.5169082125603864,36964285.71428572
taslihat,212,3800000000.0,67741935.48387097,60667293.23308271,77095238.09523809,56.0,1.0,1392.0,35.718528747558594,51.47330474853516,500.0,0.38308457711442784,0.6067961165048543,0.9174757281553398,0.5448717948717948,0.746268656716418,-18.709677419354833,74907976.15102994,0.5145631067961165,16427944.862155378
fadak,211,6400000000.0,95000000.0,77369721.47349507,110084745.76271187,74.0,2.0,1393.0,35.72528839111328,51.48163604736328,500.0,0.6464646464646465,0.7205882352941176,0.8872549019607843,0.5341614906832298,0.7884615384615384,14.000000000000012,89131800.60681692,0.51338199513382,32715024.2892168
south-mehrabad,210,3450000000.0,59045454.54545455,50227272.72727273,66083333.333333336,63.0,1.0,1392.0,35.675912857055664,51.33846664428711,500.0,0.5789473684210527,0.628140703517588,0.7336683417085427,0.46153846153846156,0.8297872340425532,-29.14545454545454,69851836.39702693,0.5121951219512195,15856060.60606061
azari,208,2400000000.0,50000000.0,41998494.80021894,54901108.454683766,59.5,1.0,1392.0,35.66691589355469,51.352935791015625,500.0,0.5232558139534884,0.5760869565217391,0.6739130434782609,0.5405405405405406,0.7727272727272727,-39.99999999999999,64227259.47296686,0.5098039215686274,12902613.654464826
sohanak,208,14040000000.0,134262496.76249677,111902834.00809717,151454689.98410174,110.0,2.0,1391.0,35.79722785949707,51.53304862976074,500.0,0.9836065573770492,0.9685863874345549,0.9738219895287958,0.5354330708661418,0.8623853211009175,61.11499611499613,106271664.11855301,0.5098039215686274,39551855.97600457
eskandari,204,3250000000.0,60000000.0,52000000.0,70629855.71587124,55.0,1.0,1383.5,35.687496185302734,51.38174819946289,500.0,0.3385416666666667,0.4387755102040816,0.8622448979591837,0.6932515337423313,0.7972972972972973,-27.999999999999993,70595777.78394483,0.504950495049505,18629855.715871245
hekmat,203,21000000000.0,177528089.88764045,150000000.0,202025689.05539203,120.0,2.0,1398.0,35.80030059814453,51.442665100097656,500.0,0.9281767955801105,0.9405405405405406,0.9459459459459459,0.39166666666666666,0.9296875,113.03370786516855,121973484.1432829,0.5037220843672456,52025689.05539203
tehran-gorgan,201,3600000000.0,65714285.71428572,56818181.81818182,74000000.0,56.0,1.0,1387.0,35.709938049316406,51.450889587402344,500.0,0.5054347826086957,0.5531914893617021,0.8776595744680851,0.4830508474576271,0.7,-21.142857142857142,73979372.90993215,0.5012468827930174,17181818.18181818
shoosh,199,2650000000.0,42000000.0,37071428.57142857,50000000.0,68.0,2.0,1394.0,35.656288146972656,51.440677642822266,500.0,0.6382978723404256,0.5738636363636364,0.6534090909090909,0.28205128205128205,0.6846846846846847,-49.6,59211616.30759771,0.49874686716791977,12928571.428571433
doolab,199,2800000000.0,51639344.26229508,44000000.0,58571428.571428575,58.0,1.0,1391.0,35.66701316833496,51.46002960205078,500.0,0.4228571428571429,0.41935483870967744,0.7795698924731183,0.3706293706293706,0.6597938144329897,-38.0327868852459,65638732.33405233,0.49874686716791977,14571428.571428575
javadiyeh-tehran-pars,196,4200000000.0,67132976.34984381,47666666.666666664,74517730.49645391,70.0,2.0,1393.0,35.733619689941406,51.55150985717773,500.0,0.6761363636363636,0.73224043715847,0.8633879781420765,0.39622641509433965,0.7,-19.440428380187413,74877525.52501644,0.494949494949495,26851063.829787247
east-shareq,189,4820000000.0,68918918.91891892,61702127.65957447,74000000.0,72.0,2.0,1397.0,35.71234130859375,51.46450424194336,500.0,0.7696629213483146,0.7206703910614525,0.7877094972067039,0.3971631205673759,0.8432835820895522,-17.297297297297288,75987958.87871931,0.48586118251928023,12297872.340425529
hasan-abad-shomali,186,9922500000.0,114785256.41025642,100000000.0,130000000.0,96.0,2.0,1392.0,35.732322692871094,51.32130813598633,500.0,0.8764044943820225,0.9333333333333333,1.0,0.5918367346938775,0.9323308270676691,37.742307692307705,97236761.13638268,0.48186528497409326,30000000.0
darvazeh-shemiran,185,5800000000.0,75000000.0,62500000.0,90476190.47619048,80.0,2.0,1385.5,35.69613265991211,51.443302154541016,500.0,0.5512820512820513,0.6294117647058823,0.8,0.5069444444444444,0.7518248175182481,-9.999999999999998,79219370.738171,0.4805194805194805,27976190.476190478
firoozabadi,184,5000000000.0,65098039.21568628,54948630.1369863,73537162.16216215,83.5,2.0,1395.5,35.59514617919922,51.43282699584961,500.0,0.8242424242424242,0.7078651685393258,0.6797752808988764,0.291970802919708,0.7894736842105263,-21.882352941176464,74033404.8588021,0.4791666666666667,18588532.025175855
darya,180,20550000000.0,166904761.9047619,143638250.3192848,198487314.77323756,128.0,3.0,1393.0,35.77321243286133,51.37416458129883,500.0,0.9444444444444444,0.9653179190751445,0.9826589595375722,0.5615384615384615,0.9230769230769231,100.2857142857143,115799206.52898878,0.47368421052631576,54849064.45395276
tohid,180,8550000000.0,101209834.46932814,80000000.0,112792207.79220779,95.0,2.0,1390.0,35.70529556274414,51.37225341796875,500.0,0.6890243902439024,0.8,0.9212121212121213,0.5470085470085471,0.8151260504201681,21.45180136319378,91369148.45905463,0.47368421052631576,32792207.792207792
gholhak,179,15900000000.0,148672566.37168142,126365441.90665343,175894736.84210527,108.0,2.0,1390.0,35.77467346191406,51.44390869140625,500.0,0.8176100628930818,0.927710843373494,0.9698795180722891,0.5047619047619047,0.9339622641509434,78.40707964601772,109536674.98214939,0.47229551451187335,49529294.935451835
jomhouri,176,5200000000.0,78317448.68035191,63513896.76687464,93981481.48148149,78.5,2.0,1388.0,35.696685791015625,51.38128662109375,500.0,0.4774193548387097,0.5679012345679012,0.7839506172839507,0.6,0.7933884297520661,-6.019061583577701,80946686.37171191,0.46808510638297873,30467584.71460685
tehran-police,175,5600000000.0,88135593.22033899,75277777.77777778,102500000.0,72.0,2.0,1385.0,35.718204498291016,51.44374847412109,500.0,0.5220125786163522,0.608433734939759,0.8433734939759037,0.6183206106870229,0.7829457364341085,5.762711864406778,85540927.92138703,0.4666666666666667,27222222.222222224
kamraniyeh,170,41350000000.0,219677419.35483873,187500000.0,261111111.1111111,200.0,3.0,1396.0,35.806640625,51.46280670166016,500.0,0.9873417721518988,0.9817073170731707,0.9817073170731707,0.4235294117647059,0.9313725490196079,163.61290322580652,130087590.55994767,0.4594594594594595,73611111.1111111
bolursazi,170,2895000000.0,50741758.24175824,46491555.38098979,55987704.91803279,61.0,1.0,1394.0,35.66257858276367,51.37925148010254,500.0,0.660377358490566,0.5950920245398773,0.6809815950920245,0.5611510791366906,0.8540145985401459,-39.10989010989011,66347830.084825195,0.4594594594594595,9496149.537042998
atabak,169,2800000000.0,43065693.43065693,38333333.333333336,46153846.15384615,68.0,2.0,1397.0,35.65052032470703,51.46204376220703,500.0,0.8111888111888111,0.6455696202531646,0.6962025316455697,0.42857142857142855,0.6833333333333333,-48.32116788321168,61591037.53435297,0.45799457994579945,7820512.820512816
makhsous,168,3110000000.0,56852008.456659615,47670454.54545455,65453384.41890166,62.0,1.0,1388.0,35.67820739746094,51.38805389404297,500.0,0.4863013698630137,0.5220125786163522,0.8050314465408805,0.5746268656716418,0.8225806451612904,-31.777589852008457,69984658.1634342,0.45652173913043476,17782929.873447113
nosrat,164,7950000000.0,100000000.0,80256410.25641026,119337606.83760685,95.0,2.0,1391.0,35.70454788208008,51.386112213134766,500.0,0.6776315789473685,0.7468354430379747,0.7658227848101266,0.3697478991596639,0.8235294117647058,20.000000000000018,90467756.58834004,0.45054945054945056,39081196.58119659
abshar,163,4200000000.0,54444444.44444445,20357142.85714286,69782608.69565217,100.0,2.0,1396.5,35.67765998840332,51.44130516052246,500.0,0.6698113207547169,0.7222222222222222,0.7847222222222222,0.2892561983471074,0.8076923076923077,-34.66666666666666,68834738.37595129,0.4490358126721763,49425465.838509314
karevan,163,2500000000.0,43421052.631578945,40000000.0,49365271.06816962,61.0,1.0,1388.0,35.6112174987793,51.495710372924805,500.0,0.4420289855072464,0.5394736842105263,0.7368421052631579,0.5426356589147286,0.5575221238938053,-47.89473684210527,62185402.584916875,0.4490358126721763,9365271.068169624
mina,162,3600000000.0,63807471.26436782,55185280.49408132,74317617.86600496,60.0,1.0,1386.5,35.67208671569824,51.45162773132324,500.0,0.3931034482758621,0.512987012987013,0.7922077922077922,0.5957446808510638,0.6972477064220184,-23.431034482758616,73948738.77762076,0.44751381215469616,19132337.37192364
tayeb,161,2600000000.0,45333333.333333336,42222222.222222224,49736842.10526316,57.0,1.0,1395.0,35.659568786621094,51.44916915893555,500.0,0.6617647058823529,0.45695364238410596,0.5695364238410596,0.4573643410852713,0.6346153846153846,-45.599999999999994,63518503.523700915,0.44598337950138506,7514619.883040935
amir-bahador,161,3650000000.0,62500000.0,50487804.87804878,72093023.25581396,63.0,1.0,1391.0,35.67104148864746,51.40328788757324,500.0,0.5612903225806452,0.5159235668789809,0.732484076433121,0.47794117647058826,0.8849557522123894,-25.0,73299017.5965549,0.44598337950138506,21605218.37776518
havanirooz,160,8712500000.0,86488306.16583982,63709677.41935484,105873323.92378265,110.0,2.0,1400.0,35.74336814880371,51.24649429321289,500.0,0.8156028368794326,0.9178082191780822,1.0,0.42452830188679247,0.972972972972973,3.7859673990077836,84721079.6991889,0.4444444444444444,42163646.504427806
dardasht,160,6500000000.0,92724867.72486773,80981265.35626535,106817567.56756756,75.0,2.0,1390.0,35.72756576538086,51.50307083129883,500.0,0.6344827586206897,0.673469387755102,0.9455782312925171,0.5137614678899083,0.7592592592592593,11.269841269841274,87383807.1483086,0.4444444444444444,25836302.211302206
kazem-abad,155,8200000000.0,101898734.17721519,89621794.87179488,118811881.18811882,84.0,2.0,1393.0,35.7509651184082,51.468584060668945,500.0,0.823943661971831,0.8263888888888888,0.9166666666666666,0.4444444444444444,0.83,22.278481012658236,90982423.65235475,0.43661971830985913,29190086.316323936
hor-square,153,4200000000.0,65384615.384615384,51851851.85185185,77142857.14285715,70.0,2.0,1386.0,35.687917709350586,51.3884334564209,500.0,0.4296875,0.5899280575539568,0.8992805755395683,0.5565217391304348,0.9090909090909091,-21.53846153846154,75017069.54981813,0.43342776203966005,25291005.2910053
elm-o-sanat,152,6850000000.0,85714285.71428572,73790476.19047618,101072597.61515081,81.5,2.0,1390.5,35.741071701049805,51.51243209838867,500.0,0.746268656716418,0.7928571428571428,0.9357142857142857,0.415929203539823,0.8111111111111111,2.857142857142869,84353248.97777401,0.4318181818181818,27282121.42467463
baqerkhan,150,11055555555.5,110033557.04697987,91245996.64480709,124576484.01826483,100.0,2.0,1393.0,35.714996337890625,51.37483787536621,500.0,0.7535211267605634,0.863013698630137,0.958904109589041,0.5648148148148148,0.9285714285714286,32.04026845637586,93875025.42921655,0.42857142857142855,33330487.373457745
imamzadeh-hasan,149,2600000000.0,48780487.80487805,44531250.0,54000000.0,55.0,1.0,1392.0,35.66447830200195,51.36205673217773,500.0,0.5869565217391305,0.5390070921985816,0.7943262411347518,0.5859375,0.8421052631578947,-41.46341463414633,66301838.99595817,0.4269340974212034,9468750.0
shadabad,147,3150000000.0,47115384.615384616,42422502.87026406,54000000.0,74.0,2.0,1395.0,35.65815353393555,51.30338096618652,500.0,0.8625954198473282,0.7407407407407407,0.7037037037037037,0.37142857142857144,0.845360824742268,-43.46153846153846,65449142.173041664,0.42363112391930835,11577497.12973594
tehranvila,146,11525000000.0,111180555.55555555,83684415.14536849,133432130.58419244,115.0,2.0,1393.0,35.72248840332031,51.367218017578125,500.0,0.8034188034188035,0.9407407407407408,0.9481481481481482,0.47058823529411764,0.9181818181818182,33.41666666666667,94113747.66921616,0.42196531791907516,49747715.43882395
shemiran-no,145,2650000000.0,41555555.55555555,34444444.44444445,52857142.85714286,65.0,1.0,1390.0,35.75210189819336,51.5004997253418,500.0,0.20168067226890757,0.27941176470588236,0.6985294117647058,0.475,0.5567010309278351,-50.13333333333334,62203024.94755471,0.42028985507246375,18412698.41269841
sheykh-hadi,144,5450000000.0,70530701.75438598,59912280.701754384,83978758.16993465,80.0,2.0,1385.0,35.691429138183594,51.40489196777344,500.0,0.5,0.5362318840579711,0.7681159420289855,0.48739495798319327,0.9375,-15.363157894736823,77713201.95206408,0.4186046511627907,24066477.46818026
jamalzadeh,144,6165000000.0,85357142.85714287,70000000.0,104161747.34356552,75.0,2.0,1390.0,35.69633483886719,51.38865280151367,500.0,0.6124031007751938,0.6666666666666666,0.8560606060606061,0.5612244897959183,0.8333333333333334,2.4285714285714466,84174603.90535444,0.4186046511627907,34161747.34356552
hashem-abad,142,2500000000.0,44381313.13131313,39443247.126436785,48889627.659574464,58.5,1.0,1390.0,35.644330978393555,51.470956802368164,500.0,0.5,0.5144927536231884,0.7101449275362319,0.47580645161290325,0.5673076923076923,-46.74242424242424,64152122.32456368,0.4152046783625731,9446380.53313768
dabestan,140,6800000000.0,94135802.4691358,80468750.0,103362068.96551724,73.0,2.0,1385.0,35.73855209350586,51.4559326171875,500.0,0.5597014925373134,0.6444444444444445,0.9111111111111111,0.52,0.7391304347826086,12.962962962962976,87622564.8244377,0.4117647058823529,22893318.965517238
tehran-jolfa,138,13000000000.0,117655430.71161048,102681451.61290322,140683038.11057436,112.5,2.0,1386.5,35.747880935668945,51.4442024230957,500.0,0.736,0.921875,0.9296875,0.4574468085106383,0.9775280898876404,41.186516853932574,95934967.8173334,0.40828402366863903,38001586.49767114
shahid-dastgheyb,137,4320000000.0,64516129.03225806,58895705.521472394,70000000.0,65.0,2.0,1395.0,35.68647384643555,51.34994506835938,500.0,0.768,0.6335877862595419,0.7633587786259542,0.4897959183673469,0.8888888888888888,-22.580645161290313,75098793.83596404,0.4065281899109792,11104294.478527606
tolid-daroo,137,3400000000.0,55000000.0,47959183.67346939,63478260.86956522,67.0,2.0,1392.0,35.66410827636719,51.33588981628418,500.0,0.671875,0.6,0.6692307692307692,0.46153846153846156,0.8444444444444444,-34.0,70381460.82151885,0.4065281899109792,15519077.196095832
farah-abad,137,5400000000.0,80188679.24528302,70312500.0,92222222.22222222,73.0,2.0,1393.0,35.678775787353516,51.48455047607422,500.0,0.6747967479674797,0.7063492063492064,0.7619047619047619,0.44954128440366975,0.7326732673267327,-3.7735849056603654,82040333.7781569,0.4065281899109792,21909722.222222224
tehran-lashkar,136,3525000000.0,70833333.33333333,64444444.44444445,76504629.62962964,53.5,1.0,1395.0,35.72686195373535,51.46576690673828,500.0,0.544,0.578125,0.8515625,0.45555555555555555,0.6578947368421053,-15.000000000000002,78027954.82945304,0.40476190476190477,12060185.185185194
lavizan,135,7600000000.0,90000000.0,59953917.05069125,108883534.13654618,95.0,2.0,1393.0,35.77014350891113,51.51229476928711,500.0,0.7888888888888889,0.8442622950819673,0.9508196721311475,0.367816091954023,0.8020833333333334,8.000000000000007,85958341.70364968,0.40298507462686567,48929617.08585493
shahrak-e-cheshmeh,132,12300000000.0,94862689.39393939,75735294.11764707,123577380.95238096,120.0,2.0,1394.0,35.7512264251709,51.26145362854004,500.0,0.7078651685393258,0.8691588785046729,0.9719626168224299,0.37349397590361444,0.9102564102564102,13.83522727272728,87739230.07357308,0.39759036144578314,47842086.83473389
shahrak-shahid-bagheri,130,6000000000.0,75325553.86436665,65939922.48062015,80164835.16483517,83.0,2.0,1388.0,35.7615852355957,51.20418167114258,500.0,0.5581395348837209,0.7131782945736435,1.0,0.45555555555555555,0.9861111111111112,-9.609335362760019,80081851.13721293,0.3939393939393939,14224912.684215017
yakhchi-abad,130,4140000000.0,58759590.79283887,48540512.9699796,71135265.7004831,77.5,2.0,1392.0,35.62875175476074,51.40277099609375,500.0,0.6703296703296703,0.6140350877192983,0.5789473684210527,0.38613861386138615,0.7311827956989247,-29.488491048593346,72617683.98804419,0.3939393939393939,22594752.7305035
kooy-e-bimeh,129,6800000000.0,92282608.69565217,83734939.75903614,100684931.50684932,77.0,2.0,1390.5,35.705833435058594,51.31902313232422,500.0,0.8188976377952756,0.9765625,0.953125,0.6288659793814433,0.898876404494382,10.739130434782606,86733944.46591108,0.39209726443769,16949991.74781318
molavi,129,2450000000.0,39423076.92307692,34285714.28571428,47619047.61904762,67.0,1.0,1393.0,35.66513252258301,51.42282295227051,500.0,0.74,0.6055045871559633,0.5779816513761468,0.33707865168539325,0.7076923076923077,-52.69230769230769,62138445.96082554,0.39209726443769,13333333.333333336
khavaran,128,2525000000.0,48416666.66666667,40312500.0,53985116.4797239,61.0,1.0,1389.0,35.6649284362793,51.45326614379883,500.0,0.5714285714285714,0.5585585585585585,0.7027027027027027,0.4639175257731959,0.5833333333333334,-41.89999999999999,67420183.08802897,0.3902439024390244,13672616.4797239
nabi-akram,128,4200000000.0,73145604.3956044,66666666.666666664,81944444.44444445,60.5,2.0,1393.0,35.68169403076172,51.477684020996094,500.0,0.5289256198347108,0.5934959349593496,0.7479674796747967,0.42592592592592593,0.6774193548387096,-12.225274725274716,79198879.70309494,0.3902439024390244,15277777.777777784
sheykh-al-raeis,128,3335000000.0,60626913.58024691,52083333.333333336,70000000.0,62.0,1.0,1389.0,35.696327209472656,51.45198059082031,500.0,0.48333333333333334,0.5241935483870968,0.6290322580645161,0.3541666666666667,0.6621621621621622,-27.247703703703706,73604653.60986963,0.3902439024390244,17916666.666666664
south-ali-abad,127,3150000000.0,45833333.333333336,37770897.83281734,54288455.388551325,74.0,2.0,1386.5,35.626651763916016,51.42118835449219,500.0,0.6410256410256411,0.5645161290322581,0.6935483870967742,0.47706422018348627,0.8817204301075269,-44.99999999999999,66066457.695309125,0.38837920489296635,16517557.555733986
minabi,127,2850000000.0,44855072.46376812,40964834.515366435,49652777.777777776,64.0,1.0,1397.0,35.651851654052734,51.457014083862305,500.0,0.8807339449541285,0.5655737704918032,0.5983606557377049,0.375,0.8255813953488372,-46.17391304347825,65515182.460241996,0.38837920489296635,8687943.262411341
shokoofeh,126,3500000000.0,62916666.66666667,53233308.32708177,75000000.0,65.0,2.0,1387.0,35.6827449798584,51.4492073059082,500.0,0.4188034188034188,0.525,0.725,0.5145631067961165,0.5394736842105263,-24.49999999999999,74755797.05761474,0.38650306748466257,21766691.67291823
saheb-al-zaman,126,3850000000.0,63927710.84337349,57142857.14285714,69969879.51807229,62.0,1.0,1394.0,35.67417907714844,51.46669006347656,500.0,0.6528925619834711,0.6229508196721312,0.6475409836065574,0.4380952380952381,0.6842105263157895,-23.2867469879518,75217831.74244067,0.38650306748466257,12827022.37521515
baharestan,126,3995000000.0,26333333.333333336,19812500.0,72892960.46287367,100.0,2.0,1397.0,35.69634437561035,51.43107032775879,500.0,0.559322033898305,0.6422018348623854,0.7981651376146789,0.36363636363636365,0.8470588235294118,-68.39999999999999,53388322.67935879,0.38650306748466257,53080460.46287367
zamzam,125,2550000000.0,44444444.44444445,41818181.81818182,48837209.302325584,60.0,1.0,1394.0,35.6468391418457,51.36715507507324,500.0,0.7863247863247863,0.6942148760330579,0.8429752066115702,0.7475728155339806,0.8557692307692307,-46.66666666666666,65436229.16682132,0.38461538461538464,7019027.484143764
sepehr,122,18150000000.0,158930296.75638372,137828054.29864252,197727272.72727272,113.5,2.0,1390.0,35.76824760437012,51.355756759643555,500.0,0.8879310344827587,0.9416666666666667,0.95,0.5111111111111111,0.9230769230769231,90.71635610766047,106427214.13211435,0.37888198757763975,59899218.4286302
behdasht,122,3320000000.0,54243044.1898527,47162698.41269841,64086198.17997978,62.5,1.0,1388.0,35.65707015991211,51.33958435058594,500.0,0.49074074074074076,0.5130434782608696,0.7217391304347827,0.49523809523809526,0.8505747126436781,-34.90834697217675,70821781.85357833,0.37888198757763975,16923499.76728137
abdol-abad,121,3980000000.0,53333333.333333336,24000000.0,98958333.33333333,85.0,2.0,1392.0,35.63204574584961,51.36538314819336,500.0,0.7313432835820896,0.5247524752475248,0.6831683168316832,0.39325842696629215,0.675,-36.0,70430191.42114091,0.37694704049844235,74958333.33333333
sanglaj,121,3500000000.0,50000000.0,40404040.4040404,60000000.0,71.0,2.0,1389.0,35.672231674194336,51.41193962097168,500.0,0.5104166666666666,0.5428571428571428,0.7714285714285715,0.46808510638297873,0.6941176470588235,-39.99999999999999,68737467.02462499,0.37694704049844235,19595959.595959596
bagh-khazaneh,121,3700000000.0,55000000.0,50000000.0,63076923.07692308,70.0,2.0,1394.0,35.66352844238281,51.37078094482422,500.0,0.7079646017699115,0.6186440677966102,0.7542372881355932,0.45098039215686275,0.8651685393258427,-34.0,71251887.66284263,0.37694704049844235,13076923.07692308
tehran-hosein-abad,121,16500000000.0,130208333.33333333,119760479.04191616,149596774.19354838,122.0,2.0,1401.0,35.775705337524414,51.48215675354003,500.0,0.9823008849557522,0.9652173913043478,0.9739130434782609,0.3424657534246575,0.8974358974358975,56.25,98600391.4559852,0.37694704049844235,29836295.15163222
shahrak-e-ferdows,120,2980000000.0,50000000.0,45000000.0,56130434.782608695,64.5,1.0,1391.0,35.66455078125,51.326263427734375,500.0,0.6,0.6454545454545455,0.6454545454545455,0.41414141414141414,0.7402597402597403,-39.99999999999999,68805867.19373035,0.375,11130434.782608695
qiamdash,119,1850000000.0,23125000.0,7569444.444444444,35000000.0,88.0,2.0,1394.0,35.52367973327637,51.64959907531738,500.0,0.36538461538461536,0.5903614457831325,0.7590361445783133,0.22784810126582278,0.5862068965517241,-72.24999999999999,51657473.30435083,0.3730407523510972,27430555.555555556
kooye-e-hefdahom-e-shahrivar,118,3550000000.0,50971698.11320755,45020491.803278685,55555555.555416666,74.0,2.0,1393.0,35.66621208190918,51.30033493041992,500.0,0.7727272727272727,0.6578947368421053,0.6140350877192983,0.3617021276595745,0.83,-38.833962264150934,69438338.95288488,0.3710691823899371,10535063.752137981
shabiri,118,3050000000.0,56791158.53658536,51293828.89200561,65163043.478260875,58.5,1.0,1392.0,35.67495918273926,51.357818603515625,500.0,0.5648148148148148,0.6396396396396397,0.8828828828828829,0.5434782608695652,0.8372093023255814,-31.85060975609756,72280579.35964996,0.3710691823899371,13869214.586255267
salamat,116,3000000000.0,55437352.24586289,49768518.51851852,62892857.14285714,54.5,1.0,1390.0,35.67690658569336,51.38307189941406,500.0,0.46788990825688076,0.4954954954954955,0.8018018018018018,0.5909090909090909,0.7647058823529411,-33.47517730496453,71752674.95633042,0.3670886075949367,13124338.62433862
aseman,116,14995000000.0,134424591.15687463,119454098.36065574,162062937.06293705,110.0,2.0,1390.0,35.77888298034668,51.357011795043945,500.0,0.8363636363636363,0.9210526315789473,0.9210526315789473,0.5909090909090909,0.9358974358974359,61.30950938824957,99322664.86170349,0.3670886075949367,42608838.70228131
azadi-sport-complex,114,6700000000.0,73720238.09523809,31062500.0,87345279.21704088,110.0,2.0,1402.0,35.738182067871094,51.25941276550293,500.0,0.7889908256880734,0.9369369369369369,0.972972972972973,0.2676056338028169,0.9310344827586207,-11.535714285714283,79706268.42968786,0.3630573248407643,56282779.21704088
zarkesh,114,4300000000.0,72672106.0683325,66826923.07692307,81145833.33333333,60.0,1.0,1394.0,35.715471267700195,51.47849082946777,500.0,0.5545454545454546,0.6090909090909091,0.9272727272727272,0.550561797752809,0.7272727272727273,-12.793472718000999,79292959.97499742,0.3630573248407643,14318910.256410256
imam-sajjad,114,3505000000.0,54457671.957671955,49147727.27272727,60343259.83177995,70.0,2.0,1392.0,35.65450859069824,51.357784271240234,500.0,0.6990291262135923,0.6422018348623854,0.6697247706422018,0.45652173913043476,0.8901098901098901,-34.65079365079365,71406935.92888434,0.3630573248407643,11195532.559052676
mahmoodiyeh,112,43100000000.0,226903225.80645162,184796577.8071528,294907407.4074074,200.0,3.0,1395.0,35.795257568359375,51.412559509277344,500.0,0.9811320754716981,1.0,1.0,0.38095238095238093,0.972972972972973,172.28387096774193,119393440.56508796,0.358974358974359,110110829.6002546
tehran-emamat,112,6050000000.0,82071428.57142857,70311493.01825994,93928571.42857143,81.0,2.0,1392.0,35.71160125732422,51.489707946777344,500.0,0.7128712871287128,0.7333333333333333,0.8285714285714286,0.38202247191011235,0.8192771084337349,-1.5142857142857125,82878124.89986074,0.358974358974359,23617078.41031149
heshamatiyeh,111,6200000000.0,85000000.0,71006410.25641026,96866499.83679686,77.0,2.0,1390.5,35.726993560791016,51.45331573486328,500.0,0.5922330097087378,0.6698113207547169,0.8207547169811321,0.5625,0.7777777777777778,2.0000000000000018,83924404.56041604,0.35691318327974275,25860089.58038661
dolatkhah,111,2880000000.0,42000000.0,37129468.177855276,45446570.97288676,70.0,2.0,1396.0,35.62057113647461,51.341482162475586,500.0,0.8041237113402062,0.6470588235294118,0.7549019607843137,0.32098765432098764,0.8902439024390244,-49.6,65254773.93579962,0.35691318327974275,8317102.795031488
dezashib,110,21250000000.0,185019685.03937006,149512987.01298702,224831081.0810811,125.0,2.0,1396.0,35.8081169128418,51.45136260986328,500.0,0.9714285714285714,0.9813084112149533,0.9906542056074766,0.38461538461538464,0.9130434782608695,122.0236220472441,110594770.87549493,0.3548387096774194,75318094.06809407
sizdah-aban,109,2750000000.0,47428571.428571425,40000000.0,54500000.0,70.0,2.0,1393.0,35.60715675354004,51.41303825378418,500.0,0.7228915662650602,0.4752475247524752,0.6435643564356436,0.23333333333333334,0.6323529411764706,-43.08571428571428,68308203.86010838,0.35275080906148865,14500000.0
sartakht,108,5657500000.0,60000000.0,53645833.333333336,70000000.0,98.0,2.0,1394.0,35.58856964111328,51.43740463256836,500.0,0.8041237113402062,0.7254901960784313,0.7647058823529411,0.3037974683544304,0.7333333333333333,-27.999999999999993,74266419.51055986,0.35064935064935066,16354166.666666664
khani-abad,108,2870000000.0,46413708.690330476,41515751.347708896,52826961.77062374,64.0,2.0,1392.0,35.662330627441406,51.409278869628906,500.0,0.6990291262135923,0.5961538461538461,0.7211538461538461,0.3655913978494624,0.7777777777777778,-44.303549571603426,67872420.61820272,0.35064935064935066,11311210.422914848
tajrish,108,13550000000.0,127051282.05128205,26675000.0,175625000.0,135.5,2.0,1398.0,35.804771423339844,51.43100357055664,500.0,0.8181818181818182,0.8409090909090909,0.9090909090909091,0.3050847457627119,0.9538461538461539,52.46153846153847,96614829.86926658,0.35064935064935066,148950000.0
nemat-abad,108,3200000000.0,35678661.616161615,23308423.913043477,46718750.0,100.0,2.0,1398.0,35.63036918640137,51.35321235656738,500.0,0.7413793103448276,0.4146341463414634,0.7926829268292683,0.15584415584415584,0.7213114754098361,-57.185606060606055,61892205.20861759,0.35064935064935066,23410326.086956523
bolvar-e-keshavarz,105,10500000000.0,94444444.44444445,73456790.12345679,115789473.68421052,104.0,2.0,1389.0,35.71397972106934,51.401174545288086,500.0,0.7555555555555555,0.7623762376237624,0.8217821782178217,0.38571428571428573,0.8153846153846154,13.333333333333353,87002563.17891107,0.3442622950819672,42332683.56075373
tehran-iran,102,6525000000.0,80310372.67797393,51552197.8021978,102641025.64102565,100.0,2.0,1392.0,35.68745803833008,51.44209098815918,500.0,0.6585365853658537,0.7422680412371134,0.8041237113402062,0.3707865168539326,0.7777777777777778,-3.6275527864312873,82299816.74921346,0.33774834437086093,51088827.83882785
golchin,102,3375000000.0,51496106.78531702,46681506.84931506,59268507.638072856,69.0,2.0,1395.0,35.65408706665039,51.3668212890625,500.0,0.8131868131868132,0.62,0.6,0.45454545454545453,0.9166666666666666,-38.20467185761957,70829531.37139256,0.33774834437086093,12587000.788757794
ebrahim-abad,98,2475000000.0,36363636.36363636,3633779.2642140468,47882716.04938272,89.5,1.0,1390.5,35.6485710144043,51.302494049072266,500.0,0.6326530612244898,0.5694444444444444,0.8333333333333334,0.390625,0.7090909090909091,-56.363636363636374,63442412.187477306,0.3288590604026846,44248936.78516867
sad-dastgah,97,5000000000.0,75000000.0,63888888.88888889,89090909.0909091,73.0,2.0,1392.0,35.68899154663086,51.47317123413086,500.0,0.5842696629213483,0.6086956521739131,0.8478260869565217,0.3717948717948718,0.7142857142857143,-9.999999999999998,80514553.40548141,0.3265993265993266,25202020.202020206
eslam-abad,94,3000000000.0,48658740.09178139,38515965.16690856,58500000.0,67.5,1.0,1392.0,35.63992691040039,51.335113525390625,500.0,0.6865671641791045,0.5,0.5789473684210527,0.31746031746031744,0.7142857142857143,-41.609511889862326,70163590.9792938,0.3197278911564626,19984034.833091438
hafezie,93,6700000000.0,88000000.0,68888888.8888889,99145299.14529915,85.0,2.0,1390.0,35.70171928405762,51.495826721191406,500.0,0.6931818181818182,0.7111111111111111,0.8777777777777778,0.4794520547945205,0.8695652173913043,5.600000000000005,84787108.9330405,0.3174061433447099,30256410.256410256
zahed-gilani,93,4300000000.0,67647058.8235294,59154929.57746479,78688524.59016393,65.0,1.0,1392.0,35.69382095336914,51.45964813232422,500.0,0.5977011494252874,0.550561797752809,0.6966292134831461,0.3484848484848485,0.6885245901639344,-18.823529411764707,77995820.64510033,0.3174061433447099,19533595.012699142
dehqan,92,4800000000.0,83199295.77464789,71073717.94871795,91328828.82882884,60.5,1.0,1392.0,35.69524383544922,51.47591400146485,500.0,0.5402298850574713,0.5888888888888889,0.6666666666666666,0.44155844155844154,0.4696969696969697,-0.16084507042252172,83291079.03815526,0.3150684931506849,20255110.88011089
shahrak-e-azadi,92,5860000000.0,76197743.2482427,69279142.92497626,85553173.24185249,85.0,2.0,1393.0,35.7115364074707,51.27526473999024,500.0,0.5238095238095238,0.9666666666666667,0.9222222222222223,0.5362318840579711,0.7692307692307693,-8.56270810210875,81015841.63004535,0.3150684931506849,16274030.316876233
majid-abad,92,6050000000.0,83041692.02678028,70604361.37071651,93104395.6043956,79.5,2.0,1391.0,35.754682540893555,51.54511642456055,500.0,0.8235294117647058,0.8953488372093024,0.9302325581395349,0.5633802816901409,0.7384615384615385,-0.3499695678636616,83241336.00042453,0.3150684931506849,22500034.233679086
kosar,92,2825000000.0,47206340.95634095,43021978.02197802,54845890.41095891,62.0,1.0,1386.0,35.663238525390625,51.43854522705078,500.0,0.43373493975903615,0.4943820224719101,0.7078651685393258,0.4878048780487805,0.6440677966101694,-43.352390852390855,69671321.44676735,0.3150684931506849,11823912.388980888
eshrat-abad,91,5520000000.0,73692307.6923077,61807313.642756686,93259259.25925925,78.0,2.0,1384.0,35.70396041870117,51.43749237060547,500.0,0.5365853658536586,0.5476190476190477,0.7261904761904762,0.5538461538461539,0.819672131147541,-11.569230769230765,80190117.34447302,0.3127147766323024,31451945.616502568
shahrak-naft,91,14850000000.0,139444444.44444445,118008509.24562265,159268292.68292683,115.0,2.0,1395.0,35.80707359313965,51.50653076171875,500.0,0.8518518518518519,0.9512195121951219,0.9634146341463414,0.4067796610169492,0.8793103448275862,67.33333333333336,97889541.36630343,0.3127147766323024,41259783.437304184
arjantin,90,6700000000.0,50083333.33333333,10294117.647058824,114362745.09803921,135.5,2.0,1385.0,35.73590850830078,51.41465950012207,500.0,0.6976744186046512,0.8253968253968254,0.8095238095238095,0.3829787234042553,0.8,-39.900000000000006,71153061.31930697,0.3103448275862069,104068627.45098038
eivanak,89,27000000000.0,207692307.69230768,156666666.66666666,270000000.0,150.0,3.0,1389.5,35.760284423828125,51.35743522644043,500.0,0.8688524590163934,0.9880952380952381,0.9761904761904762,0.6060606060606061,0.9436619718309859,149.23076923076923,110396574.20418517,0.3079584775086505,113333333.33333334
university-of-sharif,89,7100000000.0,91176470.58823529,72769230.76923077,106896551.72413793,84.0,2.0,1393.0,35.70354080200195,51.35381317138672,500.0,0.7333333333333333,0.7283950617283951,0.8765432098765432,0.42028985507246375,0.8666666666666667,9.411764705882364,85673961.92093389,0.3079584775086505,34127320.954907164
javanmard-e-ghasab,87,3500000000.0,47000000.0,38881578.94736842,55000000.0,73.0,2.0,1393.0,35.611328125,51.42729949951172,500.0,0.5657894736842105,0.5301204819277109,0.6987951807228916,0.30303030303030304,0.7547169811320755,-43.599999999999994,70052320.20642544,0.30313588850174217,16118421.05263158
aref,87,3500000000.0,63380281.69014084,55495169.082125604,71339285.71428572,64.0,1.0,1393.0,35.67436218261719,51.45744323730469,500.0,0.48717948717948717,0.5185185185185185,0.6666666666666666,0.4782608695652174,0.6923076923076923,-23.943661971830988,76698457.73727864,0.30313588850174217,15844116.632160112
shian,87,15892000000.0,125984251.96850394,113714733.54231974,144000000.0,115.0,2.0,1394.5,35.771846771240234,51.4957275390625,500.0,0.9629629629629629,0.9512195121951219,0.975609756097561,0.44642857142857145,0.9534883720930233,51.18110236220475,94456291.48793258,0.30313588850174217,30285266.457680255
qasemabad,87,6000000000.0,77118644.0677966,67747673.78215654,92261904.76190476,80.0,2.0,1393.5,35.70615768432617,51.47065353393555,500.0,0.6666666666666666,0.6547619047619048,0.7261904761904762,0.40540540540540543,0.8266666666666667,-7.457627118644073,81398310.58600293,0.30313588850174217,24514230.97974822
valiasr,86,6700000000.0,72550904.97737557,34540229.88505747,101282051.28205128,102.5,2.0,1385.0,35.70859146118164,51.40704727172852,500.0,0.6949152542372882,0.7333333333333333,0.72,0.38596491228070173,0.8936170212765957,-12.938914027149318,79932592.13187142,0.3006993006993007,66741821.39699381
enqelab,86,5800000000.0,69053465.34653465,24791666.666666668,88915016.50165017,100.0,2.0,1384.5,35.69899368286133,51.399898529052734,500.0,0.5172413793103449,0.6666666666666666,0.7777777777777778,0.55,0.7962962962962963,-17.135841584158406,78753830.19969499,0.3006993006993007,64123349.8349835
qoba,84,19850000000.0,153647214.8541114,132463235.29411764,186401940.98059246,130.0,2.0,1393.0,35.76119613647461,51.45028114318848,500.0,0.9571428571428572,0.9315068493150684,0.9863013698630136,0.5681818181818182,1.0,84.37665782493369,99863741.72368768,0.29577464788732394,53938705.686474815
hamzeh-abad,84,3575000000.0,54901021.711366534,42519423.430791244,66750000.0,74.5,2.0,1391.5,35.598262786865234,51.42442321777344,500.0,0.8076923076923077,0.8048780487804879,0.6219512195121951,0.38461538461538464,0.8367346938775511,-34.11877394636016,73656834.67086653,0.29577464788732394,24230576.569208756
motahari,83,12800000000.0,125000000.0,93383674.93661004,157922077.92207792,109.0,2.0,1392.0,35.72043991088867,51.41948318481445,500.0,0.7714285714285715,0.8082191780821918,0.8904109589041096,0.38095238095238093,0.9215686274509803,50.0,93856400.28970316,0.29328621908127206,64538402.98546788
darabad,82,13400000000.0,133333333.33333333,113737684.72906403,174768518.5185185,116.0,2.0,1397.0,35.81655311584473,51.49126625061035,500.0,0.9117647058823529,0.9577464788732394,1.0,0.4489795918367347,0.9375,60.00000000000001,95537262.16966294,0.2907801418439716,61030833.789454475
moqadam,81,3500000000.0,49090909.09090909,46000000.0,51136363.63636363,72.0,2.0,1394.0,35.65726852416992,51.37351989746094,500.0,0.7142857142857143,0.6075949367088608,0.6582278481012658,0.44594594594594594,0.921875,-41.090909090909086,71543861.44131579,0.28825622775800713,5136363.636363633
araj,81,15500000000.0,143356643.35664335,127000000.0,163636363.63636363,121.0,2.0,1393.0,35.79374313354492,51.48902893066406,500.0,0.8860759493670886,1.0,0.9873417721518988,0.4909090909090909,0.9607843137254902,72.02797202797203,97438738.57621503,0.28825622775800713,36636363.636363626
behjat-abad,78,12200000000.0,103578947.36842105,84444444.44444445,130521875.0,120.0,2.0,1380.0,35.71986770629883,51.41111946105957,500.0,0.6949152542372882,0.828125,0.921875,0.5319148936170213,0.7391304347826086,24.29473684210526,88576778.72132319,0.2805755395683453,46077430.55555555
shiva,78,3300000000.0,59032634.032634035,53872987.47763864,66313432.8358209,60.0,1.0,1392.0,35.68026542663574,51.46942329406738,500.0,0.6142857142857143,0.547945205479452,0.6712328767123288,0.4067796610169492,0.6666666666666666,-29.16083916083916,75650035.22580619,0.2805755395683453,12440445.358182259
ghanat-kosar,78,8575000000.0,97573529.41176471,86598124.09812409,109916666.66666667,90.5,2.0,1393.0,35.75571060180664,51.52931213378906,500.0,0.8,0.8783783783783784,0.9459459459459459,0.5079365079365079,0.8360655737704918,17.08823529411767,87104762.10969345,0.2805755395683453,23318542.568542585
darb-dowom,77,16500000000.0,148000000.0,136752136.75213677,168000000.0,115.0,2.0,1390.0,35.7815055847168,51.44332885742188,500.0,0.9041095890410958,0.9041095890410958,0.9178082191780822,0.4791666666666667,0.8936170212765957,77.60000000000001,97759392.50868857,0.2779783393501805,31247863.247863233
shahadat,76,3460000000.0,55000000.0,43869565.217391305,59255997.00149925,65.0,1.0,1392.0,35.613677978515625,51.44347381591797,500.0,0.6956521739130435,0.547945205479452,0.5068493150684932,0.34328358208955223,0.7058823529411765,-34.0,74323808.14475378,0.2753623188405797,15386431.784107946
ashtiyani,76,6200000000.0,77628054.90458655,63169036.845507436,98369565.2173913,91.5,2.0,1391.0,35.714927673339844,51.50219535827637,500.0,0.5333333333333333,0.7536231884057971,0.8840579710144928,0.44642857142857145,0.8392857142857143,-6.846334114496133,81721735.46890709,0.2753623188405797,35200528.37188386
tehran-shandiz,75,2950000000.0,50000000.0,42177177.177177176,56000000.0,71.0,2.0,1390.0,35.657466888427734,51.352420806884766,500.0,0.7538461538461538,0.5942028985507246,0.7681159420289855,0.45901639344262296,0.84,-39.99999999999999,72496084.24478325,0.2727272727272727,13822822.822822824
shahrak-e-taleghani,75,3450000000.0,47058823.52941176,12950000.0,51543478.26086956,88.0,2.0,1395.0,35.65947341918945,51.26714706420898,500.0,0.9347826086956522,0.8363636363636363,0.5818181818181818,0.3137254901960784,0.8780487804878049,-43.529411764705884,71307289.71364126,0.2727272727272727,38593478.26086956
vasfenard,73,2400000000.0,44000000.0,40178571.428571425,48000000.0,59.0,1.0,1390.0,35.64614486694336,51.35711479187012,500.0,0.5079365079365079,0.5588235294117647,0.7794117647058824,0.5606060606060606,0.6607142857142857,-47.199999999999996,70250798.9947143,0.2673992673992674,7821428.571428575
iranshahr,71,8000000000.0,98404255.31914894,77986111.1111111,115000000.0,94.0,2.0,1389.0,35.71066665649414,51.42252349853516,500.0,0.7321428571428571,0.7833333333333333,0.7333333333333333,0.5,0.75,18.085106382978733,87042898.39721476,0.26199261992619927,37013888.888888896
kashanak,71,19000000000.0,167567567.56756756,127691511.38716355,201092896.1748634,125.0,3.0,1395.0,35.815765380859375,51.479597091674805,500.0,0.9310344827586207,0.9696969696969697,0.9848484848484849,0.425531914893617,0.9583333333333334,101.08108108108107,100069048.98713319,0.26199261992619927,73401384.78769985
tavanir,71,17000000000.0,139344262.29508197,116382876.38287638,166250000.0,124.0,2.0,1387.0,35.74578857421875,51.40910720825195,500.0,0.8387096774193549,0.9692307692307692,0.9076923076923077,0.5428571428571428,0.8918918918918919,67.21311475409837,95348515.19529182,0.26199261992619927,49867123.61712362
kan,70,4100000000.0,56157635.467980295,42850877.19298246,87250000.0,75.5,1.5,1395.5,35.75980567932129,51.27836799621582,500.0,0.5098039215686274,0.5,0.890625,0.29411764705882354,0.6818181818181818,-32.610837438423644,75227934.84453589,0.25925925925925924,44399122.80701754
zehtabi,69,2700000000.0,46595744.680851065,41538461.538461536,50000000.0,64.0,1.0,1393.0,35.641502380371094,51.35987854003906,500.0,0.6190476190476191,0.5441176470588235,0.7205882352941176,0.37735849056603776,0.7358490566037735,-44.08510638297872,71789040.8030002,0.25650557620817843,8461538.461538464
khak-sefid,68,2850000000.0,50555555.55555555,39937500.0,65952380.952380955,61.5,1.0,1395.5,35.74222183227539,51.56264305114746,500.0,0.48148148148148145,0.3709677419354839,0.6451612903225806,0.3684210526315789,0.574468085106383,-39.33333333333333,73408508.40825146,0.2537313432835821,26014880.952380955
bisim,68,3375000000.0,45219298.24561404,41289370.07874016,50137362.63736264,72.0,2.0,1399.5,35.65420913696289,51.44809722900391,500.0,0.8301886792452831,0.6060606060606061,0.4090909090909091,0.23333333333333334,0.6851851851851852,-45.73684210526315,71359922.10310525,0.2537313432835821,8847992.55862248
shahrak-daneshgah-tehran,67,3500000000.0,37333333.333333336,28951149.42528736,48000000.0,90.0,2.0,1398.5,35.70580291748047,51.198720932006836,500.0,0.6461538461538462,0.8181818181818182,0.8181818181818182,0.3684210526315789,0.9047619047619048,-55.199999999999996,68125819.37473314,0.250936329588015,19048850.57471264
jamaran,67,33000000000.0,191666666.66666666,158125000.0,235416666.6666667,160.0,3.0,1395.5,35.8154411315918,51.45826721191406,500.0,0.9833333333333333,1.0,0.984375,0.4090909090909091,0.9534883720930233,129.99999999999997,102704485.05307819,0.250936329588015,77291666.66666669
qiam,67,3800000000.0,54216867.469879515,45767241.37931034,71581027.66798419,80.0,2.0,1389.0,35.66960525512695,51.44112014770508,500.0,0.5892857142857143,0.5666666666666667,0.75,0.42105263157894735,0.7560975609756098,-34.93975903614458,74812276.92075302,0.250936329588015,25813786.288673848
emamzade-ghasem,66,33000000000.0,185357142.85714287,163961442.78606966,229167887.81102547,178.0,3.0,1396.0,35.81330490112305,51.44185256958008,500.0,1.0,1.0,0.9846153846153847,0.3958333333333333,1.0,122.42857142857146,101616394.9201564,0.24812030075187969,65206445.02495581
soleymanieh,66,3550000000.0,59761904.76190476,54716442.26846185,69959677.41935484,62.0,1.0,1386.5,35.68099594116211,51.45577239990234,500.0,0.41935483870967744,0.46875,0.75,0.5,0.5306122448979592,-28.28571428571428,76734663.17552389,0.24812030075187969,15243235.150892988
shahrak-e-aboozar,66,2300000000.0,28210526.315789476,21571428.57142857,32121212.12121212,85.5,2.0,1402.0,35.62091255187988,51.357011795043945,500.0,0.7884615384615384,0.42105263157894735,0.6666666666666666,0.1111111111111111,0.8809523809523809,-66.14736842105262,63694376.01692614,0.24812030075187969,10549783.54978355
kuy-faraz,63,12900000000.0,134482758.62068966,116107804.23280424,159722222.2222222,107.0,2.0,1389.5,35.790279388427734,51.36407470703125,500.0,0.8596491228070176,0.8870967741935484,0.9354838709677419,0.5818181818181818,0.9148936170212766,61.3793103448276,93456046.21764076,0.23954372623574144,43614417.98941797
sar-asiyab-mehr-abad,63,3800000000.0,60000000.0,53384820.747520976,65601757.94455713,66.0,1.0,1391.0,35.67162322998047,51.32766914367676,500.0,0.5555555555555556,0.6984126984126984,0.7301587301587301,0.5185185185185185,0.8541666666666666,-27.999999999999993,77027117.94127898,0.23954372623574144,12216937.197036155
shamshiri,62,3550000000.0,61844155.84415585,54166666.666666664,67147435.89743589,63.0,1.0,1393.0,35.67235565185547,51.3403205871582,500.0,0.6851851851851852,0.6379310344827587,0.6206896551724138,0.48148148148148145,0.8372093023255814,-25.78701298701298,77654917.40625831,0.2366412213740458,12980769.230769224
jalili,60,2810400000.0,49509803.92156863,44861111.11111111,53971571.90635452,59.5,1.0,1392.5,35.650447845458984,51.36162185668945,500.0,0.5294117647058824,0.4482758620689655,0.5517241379310345,0.37037037037037035,0.7872340425531915,-40.58823529411764,73898474.58042961,0.23076923076923078,9110460.795243405
darband,59,19000000000.0,146315789.47368422,98857758.62068966,169905660.3773585,140.0,2.5,1392.0,35.81133842468262,51.429182052612305,500.0,0.8,0.8518518518518519,0.9629629629629629,0.2682926829268293,0.9761904761904762,75.57894736842108,94734766.1111188,0.2277992277992278,71047901.75666884
tous,58,4000000000.0,54381720.43010753,50000000.0,74886363.63636364,68.0,2.0,1394.0,35.66061019897461,51.357181549072266,500.0,0.8125,0.5740740740740741,0.7962962962962963,0.5238095238095238,0.9574468085106383,-34.74193548387097,75708975.63145144,0.2248062015503876,24886363.63636364
shahrak-e-mahalati,58,13375000000.0,121583850.93167701,97750000.0,148080021.48227713,115.0,2.0,1387.0,35.80434036254883,51.517839431762695,500.0,0.8541666666666666,0.8703703703703703,0.9814814814814815,0.5277777777777778,0.9,45.90062111801243,90719326.34139916,0.2248062015503876,50330021.482277125
hesar-booali,54,37000000000.0,200000000.0,186255411.25541124,244222689.07563025,170.0,3.0,1395.0,35.80425834655762,51.46779441833496,500.0,0.9615384615384616,1.0,0.9811320754716981,0.4166666666666667,0.9666666666666667,140.00000000000003,100380895.37731817,0.2125984251968504,57967277.82021901
qalamestan,53,3900000000.0,61111111.11111111,49400000.0,66176470.5882353,65.0,2.0,1390.0,35.671302795410156,51.397579193115234,500.0,0.5416666666666666,0.4583333333333333,0.8958333333333334,0.3953488372093023,0.8108108108108109,-26.66666666666666,78091050.68620977,0.20948616600790515,16776470.588235296
saeed-abad,53,2700000000.0,31250000.0,19642857.14285714,35875000.0,95.0,2.0,1402.0,35.65569305419922,51.28692626953125,500.0,0.9459459459459459,0.8571428571428571,0.9761904761904762,0.17391304347826086,0.9642857142857143,-62.5,67855366.00671665,0.20948616600790515,16232142.857142858
shahrak-e-takhti,51,4490000000.0,61290322.58064516,52694063.92694064,65100000.0,80.0,2.0,1398.0,35.628761291503906,51.4140853881836,500.0,0.7333333333333333,0.7291666666666666,0.5416666666666666,0.2619047619047619,0.7948717948717948,-26.451612903225808,78290329.29345138,0.20318725099601595,12405936.073059358
zargandeh,51,14000000000.0,133333333.33333333,123324978.39239413,153947368.42105263,102.0,2.0,1394.5,35.7764835357666,51.43245315551758,500.0,0.8958333333333334,0.82,0.92,0.5476190476190477,0.9761904761904762,60.00000000000001,91683953.47465526,0.20318725099601595,30622390.02865851
chizar,50,20650000000.0,171171993.91171992,142331932.77310923,198951048.95104894,130.0,2.0,1398.5,35.79753875732422,51.45467376708984,500.0,0.9069767441860465,0.9782608695652174,0.9565217391304348,0.2647058823529412,0.8823529411764706,105.40639269406391,96236882.29422252,0.2,56619116.17793971
esfandyari,50,3400000000.0,56612021.85792349,46282327.5862069,62722222.222222224,64.5,1.0,1390.0,35.63292694091797,51.384361267089844,500.0,0.5,0.4791666666666667,0.5208333333333334,0.4146341463414634,0.8285714285714286,-32.06557377049181,77132380.73161583,0.2,16439894.636015326
shahid-asadi,49,3850000000.0,61290322.58064516,53846153.84615385,70000000.0,69.0,2.0,1391.0,35.700279235839844,51.454519271850586,500.0,0.5813953488372093,0.5555555555555556,0.5777777777777777,0.21621621621621623,0.7941176470588235,-26.451612903225808,78444421.61444566,0.19678714859437751,16153846.153846152
shahed,49,4800000000.0,71296296.2962963,62222222.222222224,84302325.58139534,73.0,2.0,1386.0,35.67281150817871,51.47568702697754,500.0,0.6585365853658537,0.6,0.9111111111111111,0.6097560975609756,0.6666666666666666,-14.444444444444438,80813901.41692749,0.19678714859437751,22080103.35917312
ferdowsi,49,5650000000.0,73076923.07692307,46875000.0,89743589.74358974,97.0,2.0,1384.5,35.69467735290527,51.41697120666504,500.0,0.5,0.6590909090909091,0.8181818181818182,0.475,0.8484848484848485,-12.307692307692308,81207157.66290754,0.19678714859437751,42868589.743589744
taxirani,49,5000000000.0,70967741.93548387,62068965.51724138,75308641.97530864,70.0,2.0,1383.0,35.67100143432617,51.48622131347656,500.0,0.6222222222222222,0.6739130434782609,0.8260869565217391,0.4,0.896551724137931,-14.838709677419349,80740479.06078309,0.19678714859437751,13239676.45806726
jahad,48,12728000000.0,112019230.76923077,100000000.0,134375000.0,112.0,2.0,1393.0,35.72495079040527,51.4040470123291,500.0,0.6363636363636364,0.851063829787234,0.8936170212765957,0.38235294117647056,0.9310344827586207,34.423076923076934,88243892.51070173,0.1935483870967742,34375000.0
shaharak-e-moslemin,48,3600000000.0,45662931.83940242,40882352.941176474,56250000.0,70.0,2.0,1391.5,35.650705337524414,51.32245635986328,500.0,0.65,0.6956521739130435,0.717391304347826,0.3076923076923077,0.7714285714285715,-45.20448179271709,74174269.43734765,0.1935483870967742,15367647.058823526
mansouriyeh,48,3862500000.0,53520270.27027027,49274436.96308335,60212418.30065359,74.5,2.0,1392.0,35.60923957824707,51.43575477600098,500.0,0.6888888888888889,0.5531914893617021,0.5957446808510638,0.4444444444444444,0.6451612903225806,-35.775675675675664,76489057.724772,0.1935483870967742,10937981.337570243
shahid-avini,47,3500000000.0,58333333.333333336,47818756.58587988,64974226.804123715,72.0,2.0,1393.5,35.58482360839844,51.42799758911133,500.0,0.7435897435897436,0.5714285714285714,0.7142857142857143,0.23529411764705882,0.7777777777777778,-29.999999999999993,77865214.12363742,0.1902834008097166,17155470.218243837
qezel-qaleh,47,15100000000.0,129166666.66666667,112686025.40834846,151461868.73849928,123.0,2.0,1396.0,35.72806167602539,51.39081382751465,500.0,0.8205128205128205,0.9512195121951219,0.926829268292683,0.25806451612903225,0.9354838709677419,55.00000000000001,90580709.22110376,0.1902834008097166,38775843.33015083
karim-abad,47,1450000000.0,20588235.29411765,17684210.52631579,24391025.64102564,75.0,1.0,1397.0,35.6006965637207,51.351470947265625,500.0,0.6129032258064516,0.21621621621621623,0.6486486486486487,0.2571428571428571,0.5862068965517241,-75.29411764705883,63867327.42953738,0.1902834008097166,6706815.11470985
ebn-babevayh,46,3900000000.0,60000000.0,48164682.53968254,64431818.18181819,73.0,2.0,1390.5,35.603458404541016,51.44074249267578,500.0,0.6904761904761905,0.6739130434782609,0.7391304347826086,0.2647058823529412,0.6666666666666666,-27.999999999999993,78368419.94901383,0.18699186991869918,16267135.64213565
tehran-university,43,6900000000.0,86419753.08641975,68178534.57172343,101500000.0,105.0,2.0,1380.0,35.7036018371582,51.40121841430664,500.0,0.65625,0.6216216216216216,0.8108108108108109,0.4117647058823529,0.7931034482758621,3.703703703703698,83871348.21639824,0.17695473251028807,33321465.42827657
tehran-khaghani,41,9800000000.0,102439024.3902439,87058823.52941176,121794871.79487179,98.0,2.0,1393.0,35.714712142944336,51.42971420288086,500.0,0.6363636363636364,0.8235294117647058,0.8529411764705882,0.6296296296296297,0.8148148148148148,22.926829268292682,86311735.42764525,0.17012448132780084,34736048.26546003
sarasiab-doolab,41,3000000000.0,60714285.71428572,52500000.0,65853658.53658537,53.0,1.0,1391.0,35.6787109375,51.46122741699219,500.0,0.4358974358974359,0.38461538461538464,0.6410256410256411,0.3103448275862069,0.6206896551724138,-27.142857142857135,78962683.18773413,0.17012448132780084,13353658.536585368
emam-hossein,39,3030000000.0,52380952.38095238,29756145.915939733,60666666.66666667,76.0,2.0,1389.0,35.70131301879883,51.44812774658203,500.0,0.4642857142857143,0.5428571428571428,0.9142857142857143,0.35294117647058826,0.7586206896551724,-37.142857142857146,77252809.1032891,0.16317991631799164,30910520.75072694
shahrak-e-koohsar,39,7500000000.0,94827586.20689656,82990359.65888023,111940231.93577164,80.0,2.0,1390.0,35.781354904174805,51.33292198181152,500.0,0.5277777777777778,0.868421052631579,0.8421052631578947,0.5454545454545454,0.9259259259259259,13.793103448275868,85109051.13394074,0.16317991631799164,28949872.27689141
shahid-borujerdi,38,4300000000.0,50791910.33138402,43107350.96369341,65251784.29817605,82.0,2.0,1385.5,35.638153076171875,51.46744155883789,500.0,0.9210526315789473,0.5263157894736842,0.9736842105263158,0.32432432432432434,0.8571428571428571,-39.049707602339176,76999367.53594297,0.15966386554621848,22144433.33448264
safaiye,37,3200000000.0,53103448.27586207,40941176.47058824,60219780.21978022,64.0,1.0,1394.0,35.6075439453125,51.446327209472656,500.0,0.6428571428571429,0.5588235294117647,0.5588235294117647,0.5517241379310345,0.5833333333333334,-36.275862068965516,77672458.71164879,0.15611814345991562,19278603.749191985
sorkhe-hesar,37,4500000000.0,15000000.0,7476635.514018691,33333333.333333332,260.0,2.0,1403.0,35.71790313720703,51.59820556640625,500.0,0.5,0.875,0.9375,0.0,0.9230769230769231,-82.0,63760729.91019835,0.15611814345991562,25856697.81931464
bazaar,37,4900000000.0,22727272.727272727,7500000.0,70000000.0,140.0,2.0,1398.0,35.671796798706055,51.422325134277344,500.0,0.4,0.7142857142857143,0.8571428571428571,0.21052631578947367,1.0,-72.72727272727273,68033959.29288223,0.15611814345991562,62500000.0
nejatollahi,36,8730000000.0,89285714.28571428,69687500.0,121500000.0,121.0,2.0,1373.0,35.7084846496582,51.41521835327149,500.0,0.6153846153846154,0.6,0.7,0.3333333333333333,0.6363636363636364,7.14285714285714,84214992.66254173,0.15254237288135594,51812500.0
evin,36,12250000000.0,124303008.07043287,82962962.96296297,153223684.21052632,134.0,2.0,1395.5,35.79484939575195,51.39225006103516,500.0,0.9629629629629629,0.7941176470588235,0.9411764705882353,0.3888888888888889,0.68,49.16360968451945,88574702.52381863,0.15254237288135594,70260721.24756335
baq-e-azari,35,2800000000.0,42222222.222222224,33235294.11764706,46181818.18181818,83.0,2.0,1395.0,35.65352821350098,51.424116134643555,500.0,0.75,0.6857142857142857,0.8285714285714286,0.25,0.9130434782608695,-49.33333333333333,75308019.9725161,0.14893617021276595,12946524.06417112
baharan,34,9500000000.0,90148274.8788138,73387755.10204081,101181102.36220473,102.5,2.0,1392.0,35.76953125,51.27640151977539,500.0,0.8571428571428571,0.90625,0.8125,0.4166666666666667,0.92,8.177929854576572,84290585.9740185,0.1452991452991453,27793347.26016392
shahrak-e-vilashahr,33,5300000000.0,72727272.72727273,70422535.2112676,76388888.8888889,74.0,2.0,1399.0,35.727561950683594,51.17800521850586,500.0,0.9642857142857143,1.0,1.0,0.5,1.0,-12.727272727272709,81742013.15953982,0.14163090128755365,5966353.67762129
ararat,32,15250000000.0,131456043.95604396,22793542.07436399,168400000.0,136.0,3.0,1395.0,35.77407455444336,51.39969253540039,500.0,0.8181818181818182,1.0,0.9259259259259259,0.47368421052631576,0.9565217391304348,57.747252747252766,88740900.30019866,0.13793103448275862,145606457.925636
shahrak-pasdaran,32,7396000000.0,81909090.9090909,51638854.86834048,89435483.87096775,100.5,2.0,1398.0,35.69520950317383,51.2615909576416,500.0,0.9655172413793104,0.9666666666666667,1.0,0.5416666666666666,1.0,-1.7090909090909046,83135423.37843658,0.13793103448275862,37796629.00262727
bahman-yar,31,4420000000.0,57723577.23577236,47000000.0,66227272.72727273,85.0,2.0,1396.0,35.625497817993164,51.39986801147461,500.0,0.7666666666666667,0.7741935483870968,0.5806451612903226,0.25925925925925924,0.9523809523809523,-30.731707317073166,79326559.66872913,0.1341991341991342,19227272.727272727
gandi,30,13450000000.0,117156862.74509804,100000000.0,143814655.1724138,122.0,2.0,1381.5,35.74911117553711,51.41309928894043,500.0,0.8571428571428571,0.7857142857142857,0.7857142857142857,0.35294117647058826,0.8,40.58823529411766,87119715.18526424,0.13043478260869565,43814655.172413796
bagh-ferdows,30,30000000000.0,184909090.9090909,34523809.52380952,218042332.5399524,176.5,3.0,1400.0,35.80314064025879,51.42425346374512,500.0,0.9523809523809523,0.9642857142857143,1.0,0.5,1.0,121.89090909090909,92462873.4137421,0.13043478260869565,183518523.01614287
darakeh,29,23200000000.0,153846153.84615386,112000000.0,189473684.21052632,145.0,2.0,1395.0,35.804832458496094,51.38396835327149,500.0,0.9047619047619048,0.8695652173913043,0.9565217391304348,0.7142857142857143,0.8666666666666667,84.61538461538464,90061311.77598555,0.12663755458515283,77473684.21052632
jaberi,28,3400000000.0,61729691.8767507,53682487.72504092,68000000.0,58.0,1.0,1384.0,35.68344497680664,51.45196533203125,500.0,0.23076923076923078,0.4074074074074074,0.7407407407407407,0.625,0.5833333333333334,-25.924369747899156,80318201.11342064,0.12280701754385964,14317512.27495908
shahrak-e-apadana,27,6500000000.0,82758620.68965517,24045275.590551183,97202380.95238096,120.0,2.0,1395.0,35.7045783996582,51.327171325683594,500.0,0.9411764705882353,0.6956521739130435,0.8695652173913043,0.5294117647058824,0.7894736842105263,-0.6896551724137945,83264766.85918576,0.11894273127753303,73157105.36182977
mehrabad-airport,27,2550000000.0,30000000.0,8903846.153846154,54887218.04511278,92.0,2.0,1400.0,35.6942138671875,51.317989349365234,500.0,0.4166666666666667,0.8181818181818182,0.9545454545454546,0.16666666666666666,0.7894736842105263,-63.99999999999999,73797926.8242554,0.11894273127753303,45983371.89126663
parvaz,26,16950000000.0,125951086.95652175,107564655.1724138,159361851.33239833,127.0,2.0,1383.0,35.78696823120117,51.35554885864258,500.0,0.65,0.875,1.0,0.38095238095238093,0.8235294117647058,51.14130434782611,87388795.88768832,0.11504424778761062,51797196.15998453
etehad,25,2340000000.0,29111111.111111112,8333333.333333333,46363636.36363637,88.0,2.0,1401.5,35.73011016845703,51.56359100341797,500.0,0.6666666666666666,0.9090909090909091,0.7727272727272727,0.2,0.8571428571428571,-65.06666666666666,74142571.71797921,0.1111111111111111,38030303.03030303
shirazi,24,13762000000.0,145722222.2222222,105093759.4898269,171008403.36134455,155.0,2.0,1385.0,35.74708938598633,51.39885902404785,500.0,0.9545454545454546,0.8260869565217391,0.9565217391304348,0.7058823529411765,0.6666666666666666,74.86666666666666,88475510.82226038,0.10714285714285714,65914643.87151764
morad-abad,24,4762500000.0,25000000.0,12000000.0,93597560.97560976,150.0,2.0,1403.0,35.78605842590332,51.32956504821777,500.0,1.0,0.9090909090909091,1.0,0.1,1.0,-70.0,73248043.89359924,0.10714285714285714,81597560.97560976
aminhozour,23,3000000000.0,49425287.35632184,36730769.23076923,55277777.777777776,108.0,1.5,1381.5,35.68146133422852,51.434417724609375,500.0,0.25,0.42857142857142855,1.0,0.3076923076923077,0.5,-40.68965517241379,78962274.97855304,0.1031390134529148,18547008.547008544
hasan-abad-baqer-far,23,1170000000.0,13227513.226190476,3488244.514106583,20250000.0,94.0,2.0,1393.5,35.56584930419922,51.378801345825195,500.0,0.625,0.7857142857142857,0.42857142857142855,0.3076923076923077,0.5454545454545454,-84.12698412857142,68924806.93267632,0.1031390134529148,16761755.485893417
shahrak-e-emamkhomeyni,23,2500000000.0,38030303.03030303,11075036.074480519,45860655.73770492,72.0,2.0,1391.0,35.65711784362793,51.31095695495606,500.0,0.6,0.7058823529411765,0.5294117647058824,0.2,1.0,-54.36363636363636,76856469.3552199,0.1031390134529148,34785619.6632244
farahzad,20,6300000000.0,58288770.05347593,40357142.85714286,88352272.72727272,100.0,2.0,1387.5,35.79153060913086,51.34367752075195,500.0,0.25,0.6111111111111112,0.8333333333333334,0.47058823529411764,0.5294117647058824,-30.053475935828878,80668983.52675554,0.09090909090909091,47995129.87012986
tehran-hesarak,20,3465000000.0,36098484.84848485,19750000.0,74202598.12050857,78.5,2.0,1392.0,35.78416442871094,51.30923080444336,500.0,0.2727272727272727,0.4117647058823529,0.7647058823529411,0.35714285714285715,0.4166666666666667,-56.68181818181818,77230487.09150022,0.09090909090909091,54452598.12050857
pamenar,20,9750000000.0,51726190.47619048,8908297.631048387,91666666.66666667,173.0,3.0,1394.5,35.682315826416016,51.42513084411621,500.0,0.5,0.6,0.8,0.2,0.6666666666666666,-37.92857142857142,79797765.49913758,0.09090909090909091,82758369.03561829
shahrak-e-darya,20,5150000000.0,74403823.10264337,57250000.0,83166666.66666667,78.0,2.0,1392.0,35.68482971191406,51.23931884765625,500.0,0.6666666666666666,1.0,0.8421052631578947,0.5,0.9444444444444444,-10.715412276827951,82479095.5851604,0.09090909090909091,25916666.66666667
golab-dareh,19,7000000000.0,57666666.666666664,40357142.85714286,118571428.57142857,95.0,2.0,1396.0,35.81953048706055,51.43584442138672,500.0,0.6470588235294118,0.5294117647058824,0.7647058823529411,0.35714285714285715,0.6923076923076923,-30.799999999999994,80713592.89075772,0.0867579908675799,78214285.7142857
shahrak-e-omid,17,18500000000.0,127848101.26582278,117000000.0,132352941.1764706,158.0,3.0,1396.0,35.7624626159668,51.53265953063965,500.0,1.0,0.9375,1.0,0.7692307692307693,1.0,53.417721518987335,86174829.20034681,0.07834101382488479,15352941.176470593
hassan-abad,17,1400000000.0,15000000.0,4545454.545454546,23333333.333333332,120.0,1.0,1396.0,35.37493705749512,51.24930381774902,500.0,0.4444444444444444,0.7777777777777778,0.5555555555555556,0.125,0.3333333333333333,-82.0,72857798.95098415,0.07834101382488479,18787878.787878785
sirous,17,3900000000.0,47191011.23595506,41846153.84615385,60000000.0,89.0,2.0,1395.0,35.670671463012695,51.43328666687012,500.0,0.8181818181818182,0.6666666666666666,0.4666666666666667,0.15384615384615385,0.8,-43.37078651685392,79702454.9844718,0.07834101382488479,18153846.153846152
shaharak-e-esteqlal,16,7050000000.0,52129032.258064516,22017973.855882354,91634615.38461539,119.5,2.0,1401.5,35.70757293701172,51.224172592163086,500.0,0.7777777777777778,1.0,1.0,0.1,0.8888888888888888,-37.44516129032258,80487227.80875413,0.07407407407407407,69616641.52873304
abdollah-abad,13,7200000000.0,65573770.49180328,16500000.0,89700996.67774086,125.0,2.0,1375.0,35.60799026489258,51.37688827514648,500.0,1.0,1.0,0.6666666666666666,0.3333333333333333,0.5,-21.311475409836056,82123212.30336596,0.06103286384976526,73200996.67774086
shahrak-farhangian,12,6850000000.0,60087719.29824561,30470588.23529412,65328947.36842105,114.0,2.0,1380.5,35.7125244140625,51.28012847900391,500.0,0.36363636363636365,0.6666666666666666,0.8333333333333334,0.5454545454545454,0.8571428571428571,-27.89473684210526,81804868.01196073,0.05660377358490566,34858359.13312693
shahrak-golha,11,13900000000.0,132352941.1764706,75095785.44061303,147580645.16129032,126.0,2.0,1392.5,35.801815032958984,51.49785804748535,500.0,0.7777777777777778,0.7,0.8,0.2857142857142857,0.875,58.82352941176472,85367583.38983586,0.052132701421800945,72484859.72067729
shahrak-valfajr,10,20230000000.0,144496609.28534168,130876068.37606838,169753521.12676057,149.0,3.0,1398.0,35.746164321899414,51.39366340637207,500.0,0.7777777777777778,1.0,0.8888888888888888,0.42857142857142855,1.0,73.39593114241003,85546364.68663415,0.047619047619047616,38877452.75069219
hezarsang,8,20450000000.0,161037234.0425532,139495798.31932774,183863636.36363637,122.5,2.5,1392.0,35.8051643371582,51.37959861755371,500.0,1.0,1.0,1.0,0.14285714285714285,1.0,93.24468085106383,85471807.9358495,0.038461538461538464,44367838.04430863
east-saleh-abad,7,9750000000.0,97500000.0,13111111.111111112,112380952.38095239,100.0,2.0,1390.0,35.60113906860352,51.35184860229492,500.0,1.0,0.5,1.0,0.0,0.75,17.000000000000014,83776952.07122767,0.033816425120772944,99269841.26984128
shahrak-e-ghazali,6,3000000000.0,30833333.333333336,26666666.666666668,40446428.57142857,82.0,2.0,1393.5,35.73277473449707,51.1673641204834,500.0,1.0,0.6666666666666666,0.8333333333333334,0.0,0.8,-62.999999999999986,80954706.97398642,0.02912621359223301,13779761.9047619
shaharak-e-sharifi,6,3600000000.0,52703703.7037037,40897306.3973064,64500000.0,76.5,1.5,1387.0,35.62478828430176,51.33723831176758,500.0,0.5,0.5,0.75,0.0,0.5,-36.75555555555555,82228674.44746967,0.02912621359223301,23602693.602693602
fath,6,5450000000.0,13700000.0,3939048.2398956977,28100000.0,344.0,1.5,1400.0,35.67765998840332,51.28999900817871,500.0,,1.0,1.0,0.0,0.5,-83.56,79064393.29241556,0.02912621359223301,24160951.760104302
qasr-e-firoozeh-yek,5,850000000.0,14166666.666666666,12330769.23076923,35000000.0,67.0,1.5,1402.0,35.67829513549805,51.5105094909668,500.0,0.6666666666666666,0.75,0.75,0.25,1.0,-83.0,79808512.33526598,0.024390243902439025,22669230.769230768
mesgar-abad,5,2250000000.0,28125000.0,12692307.692307692,50000000.0,130.0,2.0,1383.0,35.62771415710449,51.51748847961426,500.0,0.5,1.0,1.0,0.0,0.0,-66.25,81154617.7166144,0.024390243902439025,37307692.307692304
shahrak-daneshgahi,5,2520000000.0,28510638.297872342,28000000.0,42000000.0,90.0,2.0,1403.0,35.72045135498047,51.19651412963867,500.0,1.0,1.0,1.0,0.0,1.0,-65.7872340425532,81181578.25583756,0.024390243902439025,14000000.0
malek-abad,4,1325000000.0,22348484.84848485,7062500.0,39022727.27272727,83.0,1.5,1385.5,35.62078666687012,51.43160820007324,500.0,0.5,0.5,0.5,0.0,1.0,-73.18181818181817,81210369.39399,0.0196078431372549,31960227.272727273
vanak-village,4,8500000000.0,153232533.8894682,101902372.26277372,172222222.2222222,100.0,1.0,1399.0,35.762977600097656,51.390384674072266,500.0,1.0,0.6666666666666666,1.0,0.0,1.0,83.87904066736185,84334574.95012723,0.0196078431372549,70319849.95944849
kuy-nobonyad,3,23010000000.0,120000000.0,71666666.66666666,125000000.0,177.0,3.0,1398.0,35.78240966796875,51.48659896850586,500.0,1.0,1.0,1.0,1.0,1.0,44.000000000000014,83783613.35531138,0.014778325123152709,53333333.33333334
zeynabeiyeh,2,2900000000.0,41357466.06334841,31266968.325791854,51447963.800904974,75.0,1.5,1386.5,35.71076583862305,51.50625991821289,500.0,0.0,1.0,1.0,1.0,1.0,-50.371040723981906,82757284.32164414,0.009900990099009901,20180995.47511312
qasr-e-firooze-do,1,2900000000.0,48333333.333333336,48333333.333333336,48333333.333333336,60.0,1.0,1395.0,35.64930725097656,51.50639343261719,500.0,1.0,1.0,1.0,1.0,1.0,-41.99999999999999,83107798.62637223,0.004975124378109453,0.0
baq-e-rezavan,1,610000000.0,2337164.7509578546,2337164.7509578546,2337164.7509578546,261.0,,,,,500.0,,,,,,-97.19540229885058,81864707.98329657,0.004975124378109453,0.0
